               epoch,      train/box_loss,      train/obj_loss,      train/cls_loss,   metrics/precision,      metrics/recall,     metrics/mAP_0.5,metrics/mAP_0.5:0.95,        val/box_loss,        val/obj_loss,        val/cls_loss,               x/lr0,               x/lr1,               x/lr2
                   0,             0.11401,            0.024277,            0.023789,                   0,                   0,                   0,                   0,             0.11303,            0.020988,            0.023748,              0.0928,              0.0008,              0.0008
                   1,              0.1131,            0.022363,            0.022802,                   0,                   0,                   0,                   0,              0.1083,            0.015858,            0.021584,            0.084698,           0.0016983,           0.0016983
                   2,             0.12358,            0.019809,            0.023404,          6.7045e-05,            0.010949,           3.484e-05,          1.2647e-05,             0.10311,            0.014797,            0.018625,            0.076595,           0.0025949,           0.0025949
                   3,               0.114,            0.017673,             0.02057,          5.7777e-05,            0.010949,          2.9833e-05,          4.9273e-06,             0.10268,            0.013503,            0.016702,             0.06849,           0.0034896,           0.0034896
                   4,             0.10326,            0.015452,            0.016525,          0.00011907,            0.021898,          8.2046e-05,          1.6844e-05,             0.10269,             0.01176,            0.015337,            0.060383,           0.0043826,           0.0043826
                   5,            0.090388,            0.013396,             0.01557,          6.2279e-05,            0.010949,          3.2669e-05,          5.3988e-06,            0.098779,           0.0099472,            0.014913,            0.052274,           0.0052738,           0.0052738
                   6,            0.096356,            0.011914,            0.014742,          0.00065084,            0.091241,           0.0012677,          0.00019316,             0.08969,           0.0093272,            0.014023,            0.044163,           0.0061632,           0.0061632
                   7,             0.08353,            0.011392,            0.014233,          0.00040844,            0.065693,          0.00033421,           8.505e-05,             0.09187,           0.0090703,             0.01695,            0.036051,           0.0070508,           0.0070508
                   8,            0.088032,            0.011294,            0.014633,          0.00050284,            0.094891,          0.00043501,          0.00013056,            0.090336,           0.0085662,             0.01753,            0.027937,           0.0079366,           0.0079366
                   9,             0.10704,            0.011394,            0.016131,          0.00026675,            0.054745,          0.00014815,          5.6187e-05,            0.091247,           0.0083343,            0.016739,            0.019821,           0.0088207,           0.0088207
                  10,            0.097173,            0.010872,            0.014611,           0.0009294,             0.16265,           0.0095085,           0.0019447,            0.087761,           0.0081145,              0.0179,            0.011703,            0.009703,            0.009703
                  11,             0.10468,            0.011324,            0.015497,          0.00076929,             0.13187,           0.0026667,          0.00048074,            0.089879,           0.0072707,            0.017331,           0.0098911,           0.0098911,           0.0098911
                  12,            0.095484,           0.0089284,            0.011956,           0.0006859,             0.13345,           0.0066112,           0.0028834,            0.081508,            0.008763,            0.017848,           0.0098911,           0.0098911,           0.0098911
                  13,            0.089539,            0.011454,            0.013532,            0.002051,             0.28755,            0.029625,           0.0076249,            0.084297,           0.0085291,            0.019864,           0.0098812,           0.0098812,           0.0098812
                  14,            0.079946,            0.010674,            0.016736,             0.63402,            0.025547,            0.054669,            0.016109,            0.080407,            0.008372,            0.018068,           0.0098713,           0.0098713,           0.0098713
                  15,             0.08059,            0.011658,            0.013595,            0.031517,            0.087591,            0.026891,           0.0057024,            0.098771,           0.0046359,            0.019719,           0.0098614,           0.0098614,           0.0098614
                  16,            0.083477,           0.0082113,            0.015763,           0.0010467,             0.13981,          0.00065829,          0.00012079,            0.086148,            0.004796,            0.017614,           0.0098515,           0.0098515,           0.0098515
                  17,             0.07345,            0.008699,             0.01264,             0.62631,            0.069343,            0.037165,           0.0088575,             0.07524,           0.0075854,            0.017041,           0.0098416,           0.0098416,           0.0098416
                  18,            0.079312,            0.010047,            0.012528,             0.56622,            0.046807,             0.01705,           0.0032277,            0.076039,           0.0084501,            0.017726,           0.0098317,           0.0098317,           0.0098317
                  19,            0.077364,           0.0096517,            0.014212,             0.67254,            0.080292,            0.079248,            0.016953,            0.068396,           0.0097852,            0.019667,           0.0098218,           0.0098218,           0.0098218
                  20,             0.06343,           0.0081779,            0.013452,             0.77513,            0.072993,            0.076406,            0.021503,             0.07147,           0.0081461,            0.018995,           0.0098119,           0.0098119,           0.0098119
                  21,            0.076902,           0.0082972,            0.014051,             0.76503,             0.09854,             0.11625,            0.039003,            0.065003,           0.0085417,            0.016985,            0.009802,            0.009802,            0.009802
                  22,            0.083227,           0.0093859,            0.015477,            0.093573,             0.29643,             0.13072,            0.041528,            0.062231,           0.0080833,            0.016977,           0.0097921,           0.0097921,           0.0097921
                  23,            0.078644,           0.0079365,            0.012076,            0.085925,              0.3258,            0.091561,            0.021924,             0.06161,           0.0070952,            0.016335,           0.0097822,           0.0097822,           0.0097822
                  24,            0.075308,           0.0086311,            0.013552,            0.088548,             0.34277,            0.093544,            0.023926,            0.058435,           0.0072512,            0.016863,           0.0097723,           0.0097723,           0.0097723
                  25,            0.072013,           0.0075045,            0.014541,             0.62033,             0.11679,            0.092006,            0.025152,            0.067065,           0.0075773,             0.01794,           0.0097624,           0.0097624,           0.0097624
                  26,            0.069898,           0.0071348,            0.016596,             0.10826,             0.28628,              0.1144,            0.033664,            0.057034,           0.0072018,            0.016596,           0.0097525,           0.0097525,           0.0097525
                  27,            0.071108,           0.0070348,            0.017385,             0.15373,              0.2839,             0.15077,            0.040587,            0.056498,           0.0069321,            0.016309,           0.0097426,           0.0097426,           0.0097426
                  28,            0.067305,           0.0073598,             0.01396,             0.17203,              0.3677,             0.15138,            0.036573,            0.059863,           0.0071248,            0.017418,           0.0097327,           0.0097327,           0.0097327
                  29,             0.07121,           0.0073853,            0.011621,             0.18287,             0.35182,             0.19953,            0.053671,            0.057407,           0.0070026,            0.016208,           0.0097228,           0.0097228,           0.0097228
                  30,            0.070662,           0.0079152,            0.014006,             0.11588,             0.38419,             0.12154,            0.031134,            0.060788,           0.0071696,            0.016819,           0.0097129,           0.0097129,           0.0097129
                  31,            0.065216,           0.0083245,            0.016264,             0.21438,             0.35135,             0.24137,            0.089132,            0.057646,           0.0067962,            0.015241,            0.009703,            0.009703,            0.009703
                  32,            0.066905,           0.0077487,            0.012903,             0.19466,             0.42419,             0.22197,            0.070346,            0.057695,           0.0070319,            0.015361,           0.0096931,           0.0096931,           0.0096931
                  33,            0.070365,           0.0070346,            0.013257,              0.1528,              0.3815,             0.19372,            0.061185,            0.056002,           0.0070313,            0.015851,           0.0096832,           0.0096832,           0.0096832
                  34,            0.069469,           0.0078238,            0.013083,              0.1696,             0.38045,             0.18979,             0.04947,             0.05716,           0.0066815,            0.015136,           0.0096733,           0.0096733,           0.0096733
                  35,            0.068371,            0.007739,            0.012062,             0.21166,             0.37118,              0.1861,            0.052035,            0.055544,           0.0069242,            0.015009,           0.0096634,           0.0096634,           0.0096634
                  36,            0.071311,           0.0069414,            0.010644,             0.20564,             0.37245,             0.16939,            0.048599,            0.058142,           0.0064004,            0.014294,           0.0096535,           0.0096535,           0.0096535
                  37,            0.061717,            0.007058,            0.010981,             0.21427,             0.38879,             0.19116,            0.051902,             0.05571,            0.006374,            0.015042,           0.0096436,           0.0096436,           0.0096436
                  38,            0.066865,           0.0071237,           0.0098307,             0.31849,             0.44439,             0.30792,            0.093463,            0.052419,           0.0066327,            0.014724,           0.0096337,           0.0096337,           0.0096337
                  39,            0.077461,           0.0082658,            0.012924,             0.30436,             0.43927,             0.30321,             0.11209,              0.0493,           0.0065703,            0.014965,           0.0096238,           0.0096238,           0.0096238
                  40,            0.067233,           0.0071592,             0.01418,             0.29215,             0.43372,             0.25003,            0.081089,            0.050741,           0.0067116,            0.014645,           0.0096139,           0.0096139,           0.0096139
                  41,            0.063308,           0.0080256,            0.012621,             0.31095,             0.35389,             0.28515,             0.09375,            0.046965,            0.006871,            0.014003,            0.009604,            0.009604,            0.009604
                  42,            0.056338,           0.0066507,            0.011579,             0.36304,             0.36119,             0.30855,             0.11585,            0.059396,           0.0059685,            0.013936,           0.0095941,           0.0095941,           0.0095941
                  43,            0.068687,           0.0072049,            0.011299,             0.35113,             0.39341,             0.28889,            0.082923,            0.052732,           0.0068235,            0.012074,           0.0095842,           0.0095842,           0.0095842
                  44,            0.065779,           0.0083656,             0.01224,             0.30028,             0.39944,             0.28845,            0.093232,            0.047437,           0.0067059,             0.01213,           0.0095743,           0.0095743,           0.0095743
                  45,            0.061734,            0.007228,            0.012492,             0.35804,              0.4161,             0.34269,               0.126,             0.04778,           0.0068864,            0.011261,           0.0095644,           0.0095644,           0.0095644
                  46,            0.062728,           0.0079122,            0.011474,             0.30507,             0.39785,             0.29077,             0.09486,            0.049169,           0.0067854,            0.010073,           0.0095545,           0.0095545,           0.0095545
                  47,             0.06341,           0.0075881,            0.010681,             0.36933,             0.45848,             0.34728,             0.11264,            0.047422,           0.0065329,            0.010377,           0.0095446,           0.0095446,           0.0095446
                  48,            0.063648,           0.0077182,            0.011493,             0.37576,               0.478,              0.3573,             0.11641,            0.046875,           0.0066422,            0.010663,           0.0095347,           0.0095347,           0.0095347
                  49,            0.058708,           0.0066751,            0.012084,             0.37502,             0.51878,             0.39401,             0.13377,            0.053067,           0.0060629,            0.011148,           0.0095248,           0.0095248,           0.0095248
                  50,            0.057853,           0.0066438,             0.01087,              0.3426,             0.51195,             0.34801,             0.11597,            0.049054,            0.006613,            0.011338,           0.0095149,           0.0095149,           0.0095149
                  51,            0.060894,           0.0083406,            0.011622,             0.33408,             0.46244,             0.34793,             0.12025,            0.044788,           0.0067739,            0.012061,            0.009505,            0.009505,            0.009505
                  52,             0.05493,           0.0076944,            0.011192,             0.39276,             0.47593,             0.37972,             0.13016,            0.043245,           0.0065568,             0.01306,           0.0094951,           0.0094951,           0.0094951
                  53,            0.057829,           0.0072676,            0.011014,             0.34063,             0.52307,             0.33573,             0.10345,            0.046659,           0.0063169,            0.012758,           0.0094852,           0.0094852,           0.0094852
                  54,            0.049601,           0.0063656,            0.010675,             0.34721,             0.45122,             0.34061,             0.11821,            0.047948,           0.0065197,             0.01433,           0.0094753,           0.0094753,           0.0094753
                  55,            0.062333,            0.006661,            0.011905,             0.30969,             0.42229,             0.31706,            0.098438,            0.045777,           0.0065068,            0.012526,           0.0094654,           0.0094654,           0.0094654
                  56,            0.049581,            0.007924,            0.010224,             0.37597,             0.57675,             0.42285,             0.13843,            0.044766,           0.0061986,            0.011337,           0.0094555,           0.0094555,           0.0094555
                  57,            0.058789,           0.0071339,           0.0092257,             0.27358,             0.48371,             0.32822,            0.089825,            0.046645,           0.0061212,           0.0097972,           0.0094456,           0.0094456,           0.0094456
                  58,             0.06093,           0.0080119,            0.010595,             0.31293,             0.52926,             0.35655,              0.1095,            0.047781,           0.0061674,           0.0091547,           0.0094357,           0.0094357,           0.0094357
                  59,            0.061682,           0.0077939,           0.0099116,             0.31449,              0.5064,             0.36527,             0.11813,            0.045772,           0.0063544,            0.010327,           0.0094258,           0.0094258,           0.0094258
                  60,            0.058524,           0.0069525,            0.010277,             0.35242,             0.57116,             0.41634,             0.14514,            0.043539,           0.0062051,            0.012082,           0.0094159,           0.0094159,           0.0094159
                  61,            0.060133,           0.0070465,            0.011663,              0.3976,             0.55418,             0.41402,              0.1608,            0.043463,           0.0065277,            0.010979,            0.009406,            0.009406,            0.009406
                  62,            0.057865,           0.0077535,            0.010436,             0.40295,             0.55226,             0.45548,             0.16854,            0.040903,            0.006423,            0.012035,           0.0093961,           0.0093961,           0.0093961
                  63,            0.058707,           0.0070462,            0.011663,             0.40645,              0.5569,             0.42871,             0.13886,            0.043126,           0.0062763,            0.013302,           0.0093862,           0.0093862,           0.0093862
                  64,            0.051375,           0.0069032,           0.0095975,             0.34365,             0.42642,             0.31635,             0.10499,            0.049208,           0.0061663,            0.012024,           0.0093763,           0.0093763,           0.0093763
                  65,            0.050566,            0.007355,            0.010108,             0.43221,             0.54355,             0.40251,              0.1345,            0.044069,           0.0062403,             0.01276,           0.0093664,           0.0093664,           0.0093664
                  66,            0.054337,           0.0080833,            0.010488,             0.43794,             0.50962,             0.41976,             0.12438,            0.043768,           0.0063519,            0.012066,           0.0093565,           0.0093565,           0.0093565
                  67,            0.059734,           0.0078536,            0.011504,             0.44847,             0.46657,             0.40122,              0.1336,            0.043331,           0.0061615,            0.011641,           0.0093466,           0.0093466,           0.0093466
                  68,            0.055879,           0.0067707,           0.0088879,             0.41961,             0.47138,             0.39463,              0.1381,            0.041632,           0.0062137,            0.012007,           0.0093367,           0.0093367,           0.0093367
                  69,            0.056616,            0.007264,           0.0090941,             0.33031,             0.41992,             0.31209,            0.097956,            0.045594,           0.0061974,            0.012121,           0.0093268,           0.0093268,           0.0093268
                  70,            0.053758,           0.0073317,            0.010722,             0.41577,             0.50406,              0.4096,             0.14557,            0.043023,           0.0065614,            0.010117,           0.0093169,           0.0093169,           0.0093169
                  71,            0.057475,           0.0075308,            0.009462,             0.38277,             0.47641,             0.39571,             0.13899,            0.045862,           0.0064035,           0.0096011,            0.009307,            0.009307,            0.009307
                  72,            0.050043,           0.0067995,           0.0088176,             0.41751,             0.54021,             0.41874,             0.14934,            0.044155,           0.0062976,           0.0092712,           0.0092971,           0.0092971,           0.0092971
                  73,            0.057688,           0.0077471,           0.0093891,             0.40725,             0.46926,             0.41374,             0.14561,            0.041675,           0.0064115,           0.0075705,           0.0092872,           0.0092872,           0.0092872
                  74,            0.054128,           0.0069315,           0.0084544,             0.37006,             0.46984,             0.38088,             0.13872,            0.040294,           0.0065315,           0.0069022,           0.0092773,           0.0092773,           0.0092773
                  75,            0.043811,           0.0064549,           0.0090094,             0.39986,             0.49178,             0.41024,             0.15561,            0.042125,           0.0063808,           0.0070876,           0.0092674,           0.0092674,           0.0092674
                  76,            0.051232,           0.0068741,            0.012329,             0.41506,              0.5118,             0.42765,             0.15719,            0.047193,           0.0059889,           0.0069867,           0.0092575,           0.0092575,           0.0092575
                  77,            0.050764,           0.0064771,            0.010175,               0.428,              0.5053,             0.44156,             0.15986,            0.041089,           0.0062374,           0.0069671,           0.0092476,           0.0092476,           0.0092476
                  78,            0.054225,           0.0066713,           0.0091296,             0.44402,              0.5245,             0.43375,             0.17068,            0.038475,           0.0065043,           0.0072721,           0.0092377,           0.0092377,           0.0092377
                  79,              0.0548,           0.0069121,           0.0087502,             0.32054,             0.47233,             0.37972,             0.14081,            0.040985,           0.0060632,           0.0070213,           0.0092278,           0.0092278,           0.0092278
                  80,             0.05174,           0.0063346,            0.010167,             0.42807,             0.53164,             0.44586,             0.18103,            0.040163,           0.0066127,           0.0072085,           0.0092179,           0.0092179,           0.0092179
                  81,            0.054132,           0.0064222,           0.0083684,             0.27787,              0.4445,             0.30042,             0.11017,            0.044222,           0.0066151,           0.0077985,            0.009208,            0.009208,            0.009208
                  82,            0.050542,           0.0067143,           0.0079869,             0.39433,              0.5199,             0.40801,             0.14942,            0.039996,           0.0064128,           0.0074635,           0.0091981,           0.0091981,           0.0091981
                  83,            0.050473,             0.00708,            0.010477,             0.38102,             0.44778,             0.37886,             0.13787,            0.039772,           0.0064073,           0.0077335,           0.0091882,           0.0091882,           0.0091882
                  84,            0.055223,           0.0071266,           0.0086909,             0.41477,             0.54496,             0.45132,             0.15662,            0.040121,            0.006605,           0.0074054,           0.0091783,           0.0091783,           0.0091783
                  85,            0.050811,           0.0066997,           0.0083412,             0.44133,             0.50227,             0.41131,             0.14941,            0.044476,           0.0069514,            0.011763,           0.0091684,           0.0091684,           0.0091684
                  86,            0.052881,           0.0068597,           0.0087086,             0.36997,             0.43087,             0.35241,              0.1134,             0.05118,           0.0066706,            0.018756,           0.0091585,           0.0091585,           0.0091585
                  87,             0.05908,           0.0064684,           0.0077479,             0.39214,             0.47489,             0.39348,             0.14304,            0.047124,           0.0067547,            0.016147,           0.0091486,           0.0091486,           0.0091486
                  88,            0.054016,           0.0067445,            0.009018,             0.39258,             0.46546,             0.35823,             0.13626,            0.045919,           0.0067453,            0.020376,           0.0091387,           0.0091387,           0.0091387
                  89,            0.047604,           0.0065003,           0.0081939,             0.42063,             0.52688,             0.42267,             0.12941,            0.049567,           0.0061341,            0.012918,           0.0091288,           0.0091288,           0.0091288
                  90,            0.055171,           0.0072587,            0.011143,             0.42601,              0.4834,             0.40432,             0.12568,            0.045981,           0.0062165,            0.017408,           0.0091189,           0.0091189,           0.0091189
                  91,             0.05196,           0.0072646,           0.0087966,             0.39218,             0.50465,              0.3943,             0.13575,            0.046309,           0.0057792,           0.0068511,            0.009109,            0.009109,            0.009109
                  92,            0.058252,           0.0071013,           0.0080769,             0.43336,             0.51608,             0.42089,              0.1344,            0.041717,            0.005877,           0.0064887,           0.0090991,           0.0090991,           0.0090991
                  93,             0.05726,           0.0074567,           0.0083084,             0.38626,             0.52448,             0.42347,             0.16082,            0.041715,           0.0059298,           0.0066892,           0.0090892,           0.0090892,           0.0090892
                  94,            0.055866,             0.00686,           0.0086466,              0.4923,             0.61437,             0.52997,             0.19403,            0.040755,           0.0060326,           0.0064153,           0.0090793,           0.0090793,           0.0090793
                  95,            0.054926,            0.006388,           0.0069826,             0.45189,             0.61367,             0.51896,             0.19642,            0.039817,           0.0059671,           0.0070963,           0.0090694,           0.0090694,           0.0090694
                  96,            0.047182,           0.0062111,           0.0082986,              0.4952,              0.6529,             0.54504,             0.19569,            0.039543,           0.0060006,           0.0069672,           0.0090595,           0.0090595,           0.0090595
                  97,            0.049141,           0.0069808,           0.0076283,             0.52033,             0.63385,             0.55527,             0.20823,             0.04199,           0.0058196,           0.0068387,           0.0090496,           0.0090496,           0.0090496
                  98,              0.0528,           0.0062835,             0.01162,             0.54257,             0.56624,             0.55222,             0.20932,            0.039592,           0.0058786,           0.0065874,           0.0090397,           0.0090397,           0.0090397
                  99,             0.05191,           0.0068536,           0.0071554,             0.51907,             0.61798,             0.55761,             0.19909,             0.04027,           0.0058297,           0.0067865,           0.0090298,           0.0090298,           0.0090298
                 100,            0.055108,           0.0063553,           0.0088621,              0.5703,             0.59103,             0.54804,             0.19806,            0.039712,           0.0057525,           0.0069433,           0.0090199,           0.0090199,           0.0090199
                 101,            0.055483,           0.0065879,           0.0087885,             0.58749,             0.61501,             0.57225,             0.22415,            0.038012,           0.0056994,            0.006642,             0.00901,             0.00901,             0.00901
                 102,             0.04435,           0.0066146,           0.0068366,             0.57643,             0.61687,             0.57772,             0.21708,            0.040818,           0.0056463,            0.006288,           0.0090001,           0.0090001,           0.0090001
                 103,            0.050905,           0.0064061,           0.0078696,             0.54874,             0.58179,             0.54059,             0.20328,            0.037902,           0.0057652,           0.0059304,           0.0089902,           0.0089902,           0.0089902
                 104,            0.047899,           0.0068005,           0.0074431,             0.57577,             0.57639,             0.55301,             0.20502,            0.041728,           0.0056573,           0.0063815,           0.0089803,           0.0089803,           0.0089803
                 105,            0.052346,           0.0073913,           0.0084268,             0.57202,             0.59216,             0.53954,             0.19078,            0.041598,           0.0054466,           0.0060879,           0.0089704,           0.0089704,           0.0089704
                 106,            0.054352,           0.0065282,            0.007962,             0.51464,             0.57597,             0.50234,             0.17604,            0.039067,           0.0055989,           0.0059686,           0.0089605,           0.0089605,           0.0089605
                 107,            0.050547,           0.0065389,           0.0073029,             0.58118,             0.62321,             0.59228,             0.21963,            0.036351,           0.0056232,           0.0061971,           0.0089506,           0.0089506,           0.0089506
                 108,            0.045431,           0.0068726,           0.0071132,             0.55357,             0.61107,              0.5638,             0.18928,            0.038255,           0.0056254,           0.0065355,           0.0089407,           0.0089407,           0.0089407
                 109,            0.045842,           0.0053413,           0.0067769,             0.55082,             0.63548,             0.60582,             0.20262,            0.036994,           0.0056642,           0.0064677,           0.0089308,           0.0089308,           0.0089308
                 110,            0.046794,           0.0058292,           0.0079733,              0.5405,             0.58259,             0.53558,             0.18085,            0.038736,           0.0055993,           0.0056602,           0.0089209,           0.0089209,           0.0089209
                 111,            0.048205,           0.0063822,           0.0061472,             0.55437,             0.56592,             0.54024,             0.17621,             0.03987,           0.0054954,           0.0053267,            0.008911,            0.008911,            0.008911
                 112,            0.051205,           0.0063793,           0.0066567,             0.49235,             0.52581,             0.48695,             0.15049,            0.038836,           0.0055703,           0.0056921,           0.0089011,           0.0089011,           0.0089011
                 113,            0.049247,           0.0065188,           0.0083551,             0.56696,             0.54448,             0.54877,             0.18098,            0.040119,           0.0055191,           0.0059735,           0.0088912,           0.0088912,           0.0088912
                 114,            0.047189,           0.0059817,           0.0070632,             0.51687,             0.55195,             0.51926,             0.18599,            0.039991,           0.0055212,           0.0059875,           0.0088813,           0.0088813,           0.0088813
                 115,            0.047004,           0.0057981,           0.0060291,             0.54225,             0.59894,             0.54082,             0.19359,            0.044845,           0.0053997,           0.0058419,           0.0088714,           0.0088714,           0.0088714
                 116,             0.05161,           0.0058423,           0.0068925,             0.49006,             0.52686,             0.47923,             0.14896,            0.041521,           0.0055923,            0.005883,           0.0088615,           0.0088615,           0.0088615
                 117,            0.044797,           0.0059043,           0.0070422,             0.52386,             0.54926,             0.50427,             0.18892,            0.040379,           0.0055566,           0.0058566,           0.0088516,           0.0088516,           0.0088516
                 118,            0.057855,           0.0072013,            0.007164,              0.5998,             0.60265,             0.60311,             0.23884,            0.040751,           0.0053704,           0.0060535,           0.0088417,           0.0088417,           0.0088417
                 119,            0.054525,           0.0060523,           0.0070051,              0.6269,             0.57418,              0.6174,             0.23807,            0.038381,           0.0054774,           0.0057428,           0.0088318,           0.0088318,           0.0088318
                 120,            0.057045,           0.0058826,            0.008467,             0.61377,             0.66924,             0.64866,             0.25053,            0.035219,           0.0055644,           0.0056107,           0.0088219,           0.0088219,           0.0088219
                 121,            0.050531,           0.0068495,           0.0088219,             0.49688,             0.58655,             0.53594,             0.16801,            0.038334,           0.0055285,           0.0054024,            0.008812,            0.008812,            0.008812
                 122,            0.043381,           0.0064456,            0.006911,             0.56315,             0.59814,               0.591,             0.21063,            0.038756,           0.0054962,           0.0052744,           0.0088021,           0.0088021,           0.0088021
                 123,             0.05297,           0.0064621,           0.0064903,             0.58153,             0.54148,             0.58574,             0.20428,            0.037582,           0.0054987,           0.0051567,           0.0087922,           0.0087922,           0.0087922
                 124,            0.044836,           0.0065736,            0.006079,             0.59568,             0.53053,              0.5617,              0.1782,            0.040054,           0.0055211,           0.0049483,           0.0087823,           0.0087823,           0.0087823
                 125,            0.046694,           0.0063634,           0.0058665,             0.62542,             0.59173,             0.63118,             0.24307,            0.036142,            0.005563,           0.0048635,           0.0087724,           0.0087724,           0.0087724
                 126,            0.043334,           0.0063178,           0.0074234,              0.6437,             0.61241,             0.63593,             0.24013,            0.036628,           0.0054808,            0.004887,           0.0087625,           0.0087625,           0.0087625
                 127,             0.04885,           0.0064666,           0.0060179,             0.62754,             0.54385,             0.56931,             0.18632,            0.042016,           0.0053602,           0.0045134,           0.0087526,           0.0087526,           0.0087526
                 128,            0.055845,           0.0064497,           0.0070747,             0.61318,             0.64898,             0.60093,             0.23911,            0.037671,           0.0055712,            0.004577,           0.0087427,           0.0087427,           0.0087427
                 129,            0.048275,           0.0065901,           0.0062842,             0.60021,              0.6356,              0.5713,             0.21731,            0.040333,           0.0055196,           0.0049549,           0.0087328,           0.0087328,           0.0087328
                 130,            0.046943,           0.0063806,           0.0062446,             0.60626,             0.60719,             0.58015,              0.2238,            0.037345,           0.0056434,           0.0050831,           0.0087229,           0.0087229,           0.0087229
                 131,             0.04511,           0.0063045,            0.006544,              0.6135,             0.65051,             0.61263,             0.23705,            0.036823,           0.0055853,           0.0053359,            0.008713,            0.008713,            0.008713
                 132,            0.046939,           0.0068027,           0.0059578,             0.56345,             0.62673,             0.56221,             0.21418,            0.036014,           0.0056003,           0.0055759,           0.0087031,           0.0087031,           0.0087031
                 133,            0.041388,           0.0059054,           0.0059603,             0.63243,             0.63258,             0.63112,             0.24633,             0.03562,           0.0056577,           0.0065709,           0.0086932,           0.0086932,           0.0086932
                 134,            0.045095,            0.006015,           0.0068797,             0.61391,             0.59626,             0.62361,             0.25762,            0.035731,           0.0055138,           0.0072786,           0.0086833,           0.0086833,           0.0086833
                 135,             0.04387,           0.0055062,           0.0071829,             0.60972,             0.57449,             0.60259,             0.23488,            0.036653,            0.005395,           0.0060185,           0.0086734,           0.0086734,           0.0086734
                 136,            0.044477,           0.0069896,           0.0068477,             0.61399,             0.63258,             0.65912,             0.24123,            0.035246,           0.0054362,             0.00599,           0.0086635,           0.0086635,           0.0086635
                 137,            0.039392,           0.0056398,           0.0055936,             0.55658,             0.61279,             0.53663,             0.15778,             0.04089,           0.0053341,           0.0057958,           0.0086536,           0.0086536,           0.0086536
                 138,            0.047771,           0.0059911,           0.0064245,             0.61358,             0.60751,              0.5869,             0.18468,            0.037801,           0.0054312,           0.0046527,           0.0086437,           0.0086437,           0.0086437
                 139,            0.045219,            0.005513,           0.0064625,             0.65154,             0.66765,             0.65162,             0.24999,            0.037309,           0.0054192,           0.0043354,           0.0086338,           0.0086338,           0.0086338
                 140,            0.042642,           0.0057085,           0.0055135,             0.66601,             0.65099,              0.6694,             0.23637,             0.03836,           0.0053817,           0.0042921,           0.0086239,           0.0086239,           0.0086239
                 141,            0.047251,           0.0063656,           0.0066134,             0.60826,             0.58782,              0.5936,             0.21815,            0.039725,           0.0053947,            0.004772,            0.008614,            0.008614,            0.008614
                 142,            0.048413,           0.0056518,           0.0048913,             0.67607,             0.57875,             0.63483,             0.23132,            0.037379,           0.0053195,           0.0040808,           0.0086041,           0.0086041,           0.0086041
                 143,            0.045866,           0.0062646,           0.0059384,             0.66945,             0.64607,             0.65409,             0.25004,            0.039075,           0.0052899,           0.0039061,           0.0085942,           0.0085942,           0.0085942
                 144,            0.049507,           0.0061924,           0.0056412,             0.69682,             0.64449,             0.66704,             0.25665,            0.037447,           0.0053293,            0.003914,           0.0085843,           0.0085843,           0.0085843
                 145,            0.048177,           0.0065174,            0.006201,             0.62109,             0.63997,             0.63286,             0.24362,             0.03403,           0.0053714,           0.0040877,           0.0085744,           0.0085744,           0.0085744
                 146,            0.042429,           0.0057662,           0.0063688,             0.65229,             0.61048,             0.64903,              0.2498,            0.035311,           0.0053339,           0.0040235,           0.0085645,           0.0085645,           0.0085645
                 147,            0.051693,           0.0063531,           0.0075877,             0.60841,             0.60083,             0.60761,             0.22105,            0.036759,           0.0053453,           0.0042401,           0.0085546,           0.0085546,           0.0085546
                 148,            0.048836,           0.0071907,           0.0069539,             0.65222,             0.61103,             0.64764,             0.25185,            0.033572,           0.0054039,           0.0041978,           0.0085447,           0.0085447,           0.0085447
                 149,            0.048548,           0.0057021,            0.006047,             0.61524,             0.63575,             0.65135,             0.26874,            0.035153,           0.0053415,           0.0045758,           0.0085348,           0.0085348,           0.0085348
                 150,            0.051112,           0.0066755,           0.0063969,              0.5506,             0.51036,             0.52699,             0.18857,            0.036587,           0.0054594,            0.004509,           0.0085249,           0.0085249,           0.0085249
                 151,            0.046955,           0.0066478,           0.0062563,             0.66776,             0.59538,             0.62744,             0.24896,             0.03392,           0.0053127,           0.0041186,            0.008515,            0.008515,            0.008515
                 152,            0.043692,           0.0062431,           0.0062186,             0.63386,             0.58327,             0.63412,             0.25784,            0.033713,             0.00528,           0.0041707,           0.0085051,           0.0085051,           0.0085051
                 153,            0.043441,           0.0057185,            0.005734,              0.7143,             0.65572,             0.65803,             0.26023,            0.039603,           0.0050847,           0.0037103,           0.0084952,           0.0084952,           0.0084952
                 154,            0.048531,           0.0062602,           0.0056008,             0.65843,             0.65925,             0.65584,             0.25561,            0.036074,           0.0051223,           0.0037324,           0.0084853,           0.0084853,           0.0084853
                 155,            0.045586,           0.0061509,           0.0051288,             0.68715,             0.65543,             0.68463,              0.2732,            0.031387,           0.0052188,           0.0035764,           0.0084754,           0.0084754,           0.0084754
                 156,            0.044278,           0.0062006,           0.0054748,             0.63633,             0.66703,             0.66529,             0.26892,             0.03199,           0.0052094,           0.0037534,           0.0084655,           0.0084655,           0.0084655
                 157,            0.043461,           0.0067458,           0.0050115,             0.65373,             0.64955,             0.62363,             0.23674,            0.036271,             0.00498,           0.0033294,           0.0084556,           0.0084556,           0.0084556
                 158,            0.047809,           0.0054554,           0.0052853,             0.56071,              0.5982,             0.60271,             0.21587,            0.034846,           0.0051821,           0.0033168,           0.0084457,           0.0084457,           0.0084457
                 159,            0.045439,           0.0066043,           0.0047565,             0.70797,             0.64432,             0.68803,             0.26733,            0.035669,            0.005277,           0.0032675,           0.0084358,           0.0084358,           0.0084358
                 160,            0.044749,           0.0069143,           0.0044408,             0.70026,             0.67003,             0.68276,             0.27098,            0.035431,           0.0051204,           0.0033151,           0.0084259,           0.0084259,           0.0084259
                 161,            0.045286,           0.0055154,           0.0051621,             0.69369,             0.65987,             0.67375,             0.26664,            0.034073,           0.0051076,           0.0033103,            0.008416,            0.008416,            0.008416
                 162,             0.04888,           0.0062061,            0.006054,               0.766,             0.67495,             0.72854,             0.29537,            0.034204,           0.0050891,           0.0032608,           0.0084061,           0.0084061,           0.0084061
                 163,            0.044615,           0.0051271,            0.005136,             0.68321,              0.6994,             0.72291,             0.29031,             0.03512,           0.0050648,           0.0039343,           0.0083962,           0.0083962,           0.0083962
                 164,            0.040343,           0.0055267,           0.0051406,              0.6633,             0.64559,             0.67356,             0.27031,            0.034488,           0.0050697,           0.0039386,           0.0083863,           0.0083863,           0.0083863
                 165,            0.041692,           0.0061503,           0.0054212,             0.69827,             0.67607,             0.71865,             0.29246,             0.03505,           0.0050575,           0.0038675,           0.0083764,           0.0083764,           0.0083764
                 166,            0.041891,             0.00549,           0.0043503,             0.57436,             0.61099,             0.59176,             0.21178,            0.037012,           0.0050605,           0.0037354,           0.0083665,           0.0083665,           0.0083665
                 167,            0.041891,           0.0058849,             0.00441,             0.68713,             0.64559,             0.66808,             0.24935,            0.035826,           0.0052064,           0.0033506,           0.0083566,           0.0083566,           0.0083566
                 168,            0.044256,           0.0058855,           0.0061893,             0.64706,             0.63973,             0.68665,             0.23888,             0.03552,           0.0053022,           0.0035575,           0.0083467,           0.0083467,           0.0083467
                 169,            0.037808,           0.0055765,           0.0042927,             0.68134,              0.6494,             0.68437,             0.28365,            0.033138,           0.0052166,            0.003302,           0.0083368,           0.0083368,           0.0083368
                 170,            0.039135,           0.0065638,           0.0049785,             0.71114,             0.65495,             0.72851,             0.29098,            0.033074,           0.0051016,           0.0030676,           0.0083269,           0.0083269,           0.0083269
                 171,            0.044158,           0.0060003,           0.0080964,             0.74091,             0.63051,             0.70851,             0.28374,            0.034832,           0.0050388,           0.0028376,            0.008317,            0.008317,            0.008317
                 172,            0.046696,           0.0066903,           0.0047169,              0.6582,             0.59517,             0.60514,             0.19407,              0.0385,           0.0050776,             0.00268,           0.0083071,           0.0083071,           0.0083071
                 173,            0.041267,           0.0058627,           0.0045525,             0.77215,              0.6838,             0.73329,             0.29515,            0.035003,           0.0049744,           0.0027211,           0.0082972,           0.0082972,           0.0082972
                 174,            0.042083,           0.0070802,           0.0044066,             0.78476,             0.65361,             0.73306,             0.28161,             0.03387,           0.0050123,           0.0029012,           0.0082873,           0.0082873,           0.0082873
                 175,            0.052267,           0.0060846,           0.0069936,             0.73206,             0.63912,             0.70809,              0.2884,             0.03305,           0.0049651,           0.0028523,           0.0082774,           0.0082774,           0.0082774
                 176,            0.046934,           0.0064293,           0.0055977,             0.78756,             0.65901,             0.74035,             0.30079,            0.035319,           0.0049063,           0.0027123,           0.0082675,           0.0082675,           0.0082675
                 177,            0.043162,           0.0055382,           0.0046121,             0.74009,             0.68273,             0.74027,             0.30154,            0.032271,           0.0049589,           0.0026815,           0.0082576,           0.0082576,           0.0082576
                 178,            0.034539,           0.0052451,           0.0046517,             0.66997,             0.64498,             0.62461,             0.24021,             0.03392,            0.004914,             0.00273,           0.0082477,           0.0082477,           0.0082477
                 179,            0.046498,           0.0056193,           0.0055595,             0.70503,             0.71495,             0.74699,             0.29378,            0.035614,           0.0049122,           0.0027101,           0.0082378,           0.0082378,           0.0082378
                 180,            0.042355,           0.0053221,           0.0036862,             0.76184,             0.73987,             0.74391,             0.29349,            0.034555,           0.0049488,           0.0028918,           0.0082279,           0.0082279,           0.0082279
                 181,            0.047433,           0.0065774,           0.0045653,             0.74005,             0.70908,             0.74347,             0.28374,            0.032904,             0.00506,           0.0036612,            0.008218,            0.008218,            0.008218
                 182,            0.038958,           0.0058535,           0.0045846,             0.74682,             0.73892,             0.74385,             0.27084,            0.033054,           0.0050411,           0.0033588,           0.0082081,           0.0082081,           0.0082081
                 183,            0.040477,            0.005991,           0.0050204,             0.69684,             0.68791,              0.6619,             0.24759,            0.034656,           0.0049984,           0.0034163,           0.0081982,           0.0081982,           0.0081982
                 184,             0.04464,           0.0067083,           0.0049531,             0.73531,             0.72161,             0.72888,             0.29029,            0.032044,           0.0050098,           0.0033453,           0.0081883,           0.0081883,           0.0081883
                 185,            0.041354,           0.0058956,           0.0049056,             0.75476,             0.66924,             0.73126,             0.29057,            0.031918,           0.0050969,           0.0033557,           0.0081784,           0.0081784,           0.0081784
                 186,            0.035408,           0.0053348,           0.0038572,             0.76059,             0.67623,             0.72775,             0.29182,            0.030862,           0.0050716,           0.0030526,           0.0081685,           0.0081685,           0.0081685
                 187,            0.042073,           0.0059045,           0.0042036,             0.61919,             0.61162,             0.62602,              0.2426,            0.033377,           0.0051334,           0.0034924,           0.0081586,           0.0081586,           0.0081586
                 188,            0.042305,           0.0062167,           0.0039365,             0.73076,             0.67866,             0.71683,             0.27054,            0.031559,           0.0050522,           0.0030975,           0.0081487,           0.0081487,           0.0081487
                 189,            0.036049,           0.0059284,           0.0047658,             0.72238,             0.65478,             0.69518,             0.28014,            0.032795,           0.0050293,           0.0028004,           0.0081388,           0.0081388,           0.0081388
                 190,            0.042184,           0.0065542,           0.0047832,             0.69998,             0.67044,             0.68858,             0.27696,            0.032345,            0.005084,            0.002791,           0.0081289,           0.0081289,           0.0081289
                 191,            0.038263,           0.0056092,           0.0045652,             0.68089,              0.6851,              0.6908,             0.26849,             0.03362,           0.0050727,           0.0028607,            0.008119,            0.008119,            0.008119
                 192,            0.042154,           0.0055904,           0.0031906,             0.66257,              0.6628,             0.67381,              0.2519,            0.032725,           0.0050573,           0.0026999,           0.0081091,           0.0081091,           0.0081091
                 193,            0.038786,           0.0051781,           0.0034228,             0.63452,             0.69495,             0.68157,             0.25888,            0.033667,           0.0049153,           0.0023412,           0.0080992,           0.0080992,           0.0080992
                 194,            0.039464,           0.0057325,           0.0040513,              0.7405,             0.72081,             0.76086,             0.32418,            0.030272,           0.0049617,            0.002357,           0.0080893,           0.0080893,           0.0080893
                 195,            0.046729,           0.0058515,           0.0045466,             0.72909,             0.71162,             0.75477,              0.3075,            0.030269,           0.0049143,           0.0024092,           0.0080794,           0.0080794,           0.0080794
                 196,            0.043762,            0.005491,           0.0043594,             0.75906,             0.73041,             0.72999,             0.29344,            0.035307,           0.0048213,           0.0024942,           0.0080695,           0.0080695,           0.0080695
                 197,            0.042833,           0.0056178,           0.0042063,             0.75022,             0.74098,             0.73781,             0.30906,            0.031749,           0.0048799,           0.0025296,           0.0080596,           0.0080596,           0.0080596
                 198,            0.039726,           0.0060213,           0.0040476,             0.71069,             0.70304,             0.74988,             0.30363,            0.030394,           0.0049398,           0.0027051,           0.0080497,           0.0080497,           0.0080497
                 199,             0.03726,           0.0059974,           0.0046003,             0.78198,              0.6702,             0.73779,             0.31615,            0.030938,            0.004941,           0.0032246,           0.0080398,           0.0080398,           0.0080398
                 200,            0.039608,           0.0054044,           0.0041948,             0.78846,             0.72988,             0.77111,             0.34328,            0.030433,           0.0048763,           0.0024688,           0.0080299,           0.0080299,           0.0080299
                 201,            0.041627,           0.0060115,           0.0048948,             0.80773,             0.71509,             0.81946,             0.34651,            0.030035,            0.004842,           0.0026231,             0.00802,             0.00802,             0.00802
                 202,            0.037002,           0.0057235,           0.0045964,             0.79762,             0.69498,             0.77941,             0.32708,            0.030871,           0.0048304,           0.0026824,           0.0080101,           0.0080101,           0.0080101
                 203,            0.040171,           0.0064278,           0.0033854,             0.81363,             0.69539,              0.7748,             0.33133,            0.031197,           0.0047855,           0.0023839,           0.0080002,           0.0080002,           0.0080002
                 204,            0.042812,           0.0063882,           0.0048618,             0.78308,             0.69527,             0.77891,             0.31103,            0.031761,           0.0048025,           0.0023317,           0.0079903,           0.0079903,           0.0079903
                 205,            0.043507,           0.0067434,           0.0042248,             0.76989,              0.7593,             0.79433,             0.33897,            0.031329,           0.0047737,           0.0022604,           0.0079804,           0.0079804,           0.0079804
                 206,            0.040171,           0.0058665,           0.0039846,             0.75586,              0.7555,             0.79484,              0.3374,            0.031009,           0.0047321,           0.0023388,           0.0079705,           0.0079705,           0.0079705
                 207,            0.041409,           0.0053269,           0.0039432,             0.72431,             0.72067,             0.75211,             0.30802,             0.03002,           0.0047292,           0.0027729,           0.0079606,           0.0079606,           0.0079606
                 208,            0.044837,           0.0056019,           0.0039422,              0.7075,             0.68133,              0.7135,               0.266,            0.029459,           0.0047759,           0.0027188,           0.0079507,           0.0079507,           0.0079507
                 209,            0.037417,           0.0049628,           0.0037658,              0.7839,             0.68828,             0.75741,             0.29677,            0.031276,           0.0047246,           0.0023777,           0.0079408,           0.0079408,           0.0079408
                 210,            0.033059,           0.0049427,           0.0035629,             0.83212,             0.72828,             0.78298,             0.32384,            0.032192,           0.0046912,           0.0020273,           0.0079309,           0.0079309,           0.0079309
                 211,            0.042654,           0.0053129,           0.0038838,             0.82286,             0.73265,             0.79886,             0.32414,            0.031752,           0.0046603,           0.0019324,            0.007921,            0.007921,            0.007921
                 212,             0.04235,           0.0055491,            0.004374,             0.79466,              0.7121,             0.75352,             0.30914,            0.030873,           0.0046854,           0.0019089,           0.0079111,           0.0079111,           0.0079111
                 213,            0.037295,           0.0056852,           0.0030453,             0.78632,             0.71432,              0.7577,             0.31727,            0.030945,           0.0046936,           0.0018495,           0.0079012,           0.0079012,           0.0079012
                 214,            0.039942,           0.0053583,           0.0034598,             0.77201,             0.73593,             0.79253,             0.30162,             0.03158,            0.004804,           0.0018691,           0.0078913,           0.0078913,           0.0078913
                 215,            0.045282,           0.0057843,           0.0036486,             0.69942,             0.70828,             0.74284,             0.30067,            0.030959,           0.0048548,           0.0021982,           0.0078814,           0.0078814,           0.0078814
                 216,            0.037056,           0.0053926,           0.0031623,             0.79313,              0.7332,             0.79526,             0.33882,             0.02845,           0.0047649,            0.001839,           0.0078715,           0.0078715,           0.0078715
                 217,             0.03624,           0.0055208,           0.0033939,             0.81021,             0.75544,              0.8204,             0.35084,            0.028362,           0.0047063,           0.0017846,           0.0078616,           0.0078616,           0.0078616
                 218,            0.043087,           0.0056159,           0.0037302,             0.78209,             0.77896,             0.81034,              0.3445,            0.033731,           0.0046472,           0.0019073,           0.0078517,           0.0078517,           0.0078517
                 219,            0.042618,           0.0049709,           0.0043093,             0.76447,             0.72194,             0.75556,             0.31787,            0.034983,           0.0046648,           0.0021894,           0.0078418,           0.0078418,           0.0078418
                 220,            0.046745,           0.0058265,             0.00372,              0.6709,              0.6356,             0.67996,               0.265,            0.034099,           0.0047304,           0.0021857,           0.0078319,           0.0078319,           0.0078319
                 221,            0.039716,           0.0070489,           0.0042299,             0.77228,             0.73306,             0.79822,             0.31937,            0.032942,           0.0046865,           0.0022343,            0.007822,            0.007822,            0.007822
                 222,            0.041451,           0.0061401,           0.0039007,             0.79879,             0.71575,             0.78243,             0.32793,            0.031341,           0.0047183,           0.0022834,           0.0078121,           0.0078121,           0.0078121
                 223,            0.040876,           0.0054637,           0.0043427,             0.81663,             0.75892,             0.80003,             0.32784,            0.030653,           0.0047374,           0.0022356,           0.0078022,           0.0078022,           0.0078022
                 224,            0.040838,           0.0053357,           0.0043822,             0.77341,             0.73923,             0.78334,             0.29358,            0.030355,           0.0047405,            0.002603,           0.0077923,           0.0077923,           0.0077923
                 225,             0.03984,           0.0054355,           0.0033114,             0.82748,             0.77738,             0.82534,             0.32696,            0.031658,            0.004684,           0.0020689,           0.0077824,           0.0077824,           0.0077824
                 226,            0.037989,           0.0055385,           0.0035319,             0.78396,              0.7812,             0.81429,             0.33501,             0.03396,           0.0046307,           0.0018975,           0.0077725,           0.0077725,           0.0077725
                 227,            0.042766,           0.0054125,           0.0030608,             0.83296,             0.76589,             0.82825,             0.34535,            0.031674,           0.0046563,           0.0017998,           0.0077626,           0.0077626,           0.0077626
                 228,            0.039611,            0.005615,           0.0032942,             0.79704,             0.77686,             0.81611,             0.34972,            0.031924,            0.004689,           0.0017166,           0.0077527,           0.0077527,           0.0077527
                 229,            0.039856,           0.0059142,           0.0025847,             0.80438,             0.71343,             0.77006,             0.31065,            0.032741,           0.0046733,           0.0017839,           0.0077428,           0.0077428,           0.0077428
                 230,            0.042464,           0.0055276,           0.0034743,             0.82069,             0.72994,             0.79655,             0.34788,            0.032389,           0.0046599,           0.0018176,           0.0077329,           0.0077329,           0.0077329
                 231,            0.046822,           0.0056275,           0.0040083,             0.80812,             0.72876,             0.80866,             0.33643,            0.033348,           0.0046557,            0.001815,            0.007723,            0.007723,            0.007723
                 232,            0.041839,           0.0055028,           0.0033067,             0.78228,             0.77812,             0.82765,             0.31656,            0.032203,           0.0047312,           0.0018581,           0.0077131,           0.0077131,           0.0077131
                 233,            0.038707,           0.0051227,           0.0028623,             0.79536,              0.7557,             0.81877,             0.33933,            0.030791,           0.0046457,           0.0017296,           0.0077032,           0.0077032,           0.0077032
                 234,            0.037708,           0.0046883,           0.0030706,             0.74928,             0.73922,             0.77123,             0.32873,            0.029904,           0.0046057,           0.0017367,           0.0076933,           0.0076933,           0.0076933
                 235,            0.038847,           0.0052754,           0.0032486,             0.79004,             0.73536,             0.79423,             0.32156,            0.030238,           0.0045993,           0.0017285,           0.0076834,           0.0076834,           0.0076834
                 236,            0.046761,           0.0061609,           0.0038109,             0.81921,             0.76656,             0.83418,             0.35086,             0.02847,           0.0045941,           0.0016809,           0.0076735,           0.0076735,           0.0076735
                 237,            0.038052,           0.0054368,           0.0032337,             0.83659,             0.78494,             0.83858,             0.35463,            0.028721,           0.0046099,           0.0016632,           0.0076636,           0.0076636,           0.0076636
                 238,            0.039423,            0.006056,           0.0039895,             0.83358,             0.79558,             0.84314,             0.35949,            0.029808,           0.0045523,           0.0015587,           0.0076537,           0.0076537,           0.0076537
                 239,            0.044939,           0.0057549,           0.0024919,             0.77916,             0.78463,             0.81733,              0.3379,            0.029434,            0.004625,           0.0017175,           0.0076438,           0.0076438,           0.0076438
                 240,            0.036428,           0.0048029,           0.0033367,             0.75213,             0.69007,             0.76691,             0.28769,            0.031278,           0.0046481,           0.0016141,           0.0076339,           0.0076339,           0.0076339
                 241,            0.036388,           0.0055845,           0.0029787,             0.80887,              0.7394,             0.81117,             0.33984,            0.028689,           0.0046137,           0.0017724,            0.007624,            0.007624,            0.007624
                 242,            0.033173,           0.0055683,           0.0033818,              0.8204,             0.75114,             0.82556,             0.35709,            0.029261,           0.0045794,           0.0018532,           0.0076141,           0.0076141,           0.0076141
                 243,            0.040372,           0.0058205,           0.0041163,             0.80956,             0.67433,             0.79132,             0.32777,            0.029681,           0.0045588,           0.0018612,           0.0076042,           0.0076042,           0.0076042
                 244,            0.037282,           0.0055184,           0.0029588,             0.85791,             0.74332,              0.8385,             0.34179,            0.031608,           0.0045438,           0.0018069,           0.0075943,           0.0075943,           0.0075943
                 245,            0.037372,           0.0055441,           0.0029692,             0.82966,             0.77923,              0.8464,             0.34587,            0.031388,           0.0045759,           0.0016182,           0.0075844,           0.0075844,           0.0075844
                 246,            0.041133,            0.005829,           0.0034224,             0.82756,             0.77923,             0.84598,             0.36959,             0.03151,            0.004582,           0.0016643,           0.0075745,           0.0075745,           0.0075745
                 247,            0.044118,           0.0060223,           0.0038092,             0.81305,             0.80446,             0.83337,             0.36833,            0.032489,           0.0045359,           0.0014441,           0.0075646,           0.0075646,           0.0075646
                 248,            0.039675,           0.0052938,           0.0033889,             0.79319,             0.81923,             0.83981,             0.37554,            0.030577,            0.004579,           0.0014214,           0.0075547,           0.0075547,           0.0075547
                 249,            0.038594,           0.0055696,           0.0032219,              0.8363,             0.79479,             0.84913,             0.37489,            0.029719,           0.0046227,            0.001409,           0.0075448,           0.0075448,           0.0075448
                 250,            0.041488,           0.0056698,           0.0038813,             0.84192,             0.77519,             0.82642,             0.35879,             0.03151,           0.0046318,           0.0014534,           0.0075349,           0.0075349,           0.0075349
                 251,            0.037794,           0.0052351,           0.0027694,             0.81122,             0.74463,             0.80052,              0.3505,            0.028563,           0.0046572,           0.0016385,            0.007525,            0.007525,            0.007525
                 252,            0.033139,           0.0047632,           0.0028493,               0.836,             0.75272,             0.81648,             0.33026,            0.030841,           0.0047273,           0.0016078,           0.0075151,           0.0075151,           0.0075151
                 253,            0.041046,           0.0051603,           0.0025851,             0.81632,             0.75764,             0.79168,             0.35433,            0.030739,            0.004675,           0.0016008,           0.0075052,           0.0075052,           0.0075052
                 254,            0.039578,           0.0054132,           0.0037378,             0.80007,             0.75575,             0.80105,             0.34296,            0.030769,           0.0046713,           0.0019369,           0.0074953,           0.0074953,           0.0074953
                 255,            0.039332,           0.0059968,           0.0038852,             0.77891,             0.73325,             0.78096,             0.31666,            0.031594,            0.004684,           0.0024017,           0.0074854,           0.0074854,           0.0074854
                 256,            0.038329,           0.0059566,           0.0031019,             0.77949,              0.7234,             0.75498,              0.3157,            0.030075,           0.0046218,           0.0019788,           0.0074755,           0.0074755,           0.0074755
                 257,            0.039146,           0.0055384,           0.0032858,             0.81031,              0.7526,             0.80315,             0.34862,            0.030441,           0.0046015,           0.0016451,           0.0074656,           0.0074656,           0.0074656
                 258,            0.038286,           0.0050344,           0.0035088,              0.8158,             0.76511,             0.80757,             0.35013,            0.030277,           0.0045675,           0.0018005,           0.0074557,           0.0074557,           0.0074557
                 259,            0.036547,           0.0052025,           0.0031525,             0.84552,             0.79786,             0.84481,             0.36891,            0.030328,           0.0045369,           0.0014175,           0.0074458,           0.0074458,           0.0074458
                 260,            0.038274,           0.0055764,            0.003201,             0.83461,              0.7695,             0.82344,             0.34274,            0.029926,           0.0045415,            0.001461,           0.0074359,           0.0074359,           0.0074359
                 261,            0.039511,           0.0057914,           0.0024054,             0.83248,             0.77598,               0.836,             0.34234,            0.030547,           0.0046109,            0.001593,            0.007426,            0.007426,            0.007426
                 262,            0.039233,           0.0053363,           0.0033609,             0.86558,             0.77982,             0.84266,             0.39334,            0.028713,           0.0045435,           0.0016659,           0.0074161,           0.0074161,           0.0074161
                 263,            0.041003,           0.0048799,           0.0025482,                0.86,             0.81372,             0.85239,             0.38581,            0.031075,            0.004503,            0.001634,           0.0074062,           0.0074062,           0.0074062
                 264,            0.038608,           0.0049874,           0.0028209,             0.83206,             0.78172,             0.81243,             0.35519,            0.028433,           0.0044866,           0.0016528,           0.0073963,           0.0073963,           0.0073963
                 265,            0.040056,           0.0055092,           0.0024014,             0.83406,             0.77769,             0.83533,             0.37849,            0.028617,           0.0044778,           0.0017965,           0.0073864,           0.0073864,           0.0073864
                 266,            0.038869,           0.0056506,           0.0023899,             0.85148,             0.76525,             0.83648,             0.36297,            0.026916,           0.0045474,           0.0016896,           0.0073765,           0.0073765,           0.0073765
                 267,             0.03835,           0.0057936,           0.0041904,             0.83548,             0.79637,             0.84902,             0.36685,            0.026826,           0.0045477,            0.001509,           0.0073666,           0.0073666,           0.0073666
                 268,            0.039472,           0.0054188,           0.0033567,             0.80863,             0.78741,             0.80186,             0.33967,            0.027234,           0.0045618,           0.0013554,           0.0073567,           0.0073567,           0.0073567
                 269,            0.038479,           0.0061717,           0.0024969,             0.84307,             0.81224,             0.86041,             0.37744,            0.026247,           0.0046073,           0.0013561,           0.0073468,           0.0073468,           0.0073468
                 270,            0.035065,           0.0052726,           0.0035151,             0.82987,             0.78129,             0.83855,             0.37345,             0.02637,           0.0045795,           0.0013501,           0.0073369,           0.0073369,           0.0073369
                 271,            0.034745,           0.0053542,           0.0026183,             0.83935,              0.7778,             0.83781,             0.36387,            0.026841,           0.0045694,           0.0014194,            0.007327,            0.007327,            0.007327
                 272,            0.035509,           0.0054903,           0.0023666,             0.84034,             0.76574,             0.83044,             0.36252,            0.028713,           0.0045196,           0.0013792,           0.0073171,           0.0073171,           0.0073171
                 273,            0.034104,           0.0050272,           0.0025144,             0.82949,             0.78367,             0.82515,             0.37487,            0.028605,           0.0044492,            0.001408,           0.0073072,           0.0073072,           0.0073072
                 274,            0.039646,           0.0052813,           0.0024846,             0.84208,             0.74868,               0.825,             0.35381,            0.028651,           0.0044758,           0.0014328,           0.0072973,           0.0072973,           0.0072973
                 275,            0.038429,           0.0058875,           0.0030176,             0.80661,             0.77034,             0.80799,             0.36693,            0.028131,           0.0044482,           0.0014511,           0.0072874,           0.0072874,           0.0072874
                 276,            0.037002,           0.0054247,           0.0024546,             0.86033,             0.73408,             0.82121,              0.3605,            0.028108,           0.0044147,           0.0015518,           0.0072775,           0.0072775,           0.0072775
                 277,            0.034963,           0.0047969,           0.0025112,             0.86411,             0.76157,             0.84268,             0.37392,            0.025992,           0.0044047,           0.0013682,           0.0072676,           0.0072676,           0.0072676
                 278,            0.037155,           0.0053042,            0.004469,               0.826,             0.79431,             0.84884,             0.38248,            0.027354,           0.0043921,            0.001382,           0.0072577,           0.0072577,           0.0072577
                 279,             0.03506,           0.0053087,           0.0022706,             0.80002,             0.78113,             0.82798,             0.37768,            0.027298,           0.0044504,           0.0014418,           0.0072478,           0.0072478,           0.0072478
                 280,            0.036886,           0.0052783,           0.0026052,             0.80037,             0.79145,             0.82762,             0.35284,            0.027621,           0.0044693,           0.0014337,           0.0072379,           0.0072379,           0.0072379
                 281,            0.037474,           0.0052394,           0.0020785,             0.83229,             0.79288,             0.85861,             0.38144,             0.02787,           0.0044529,           0.0014059,            0.007228,            0.007228,            0.007228
                 282,             0.04166,           0.0059063,           0.0030366,             0.82497,             0.76828,             0.83159,             0.35231,            0.028858,           0.0045019,           0.0014364,           0.0072181,           0.0072181,           0.0072181
                 283,             0.04003,           0.0048617,           0.0028698,             0.84231,             0.78209,             0.86429,             0.38384,            0.027824,           0.0044434,           0.0013985,           0.0072082,           0.0072082,           0.0072082
                 284,            0.034401,           0.0051942,            0.002505,              0.7866,             0.79279,                0.83,             0.37282,            0.027473,           0.0044502,           0.0013334,           0.0071983,           0.0071983,           0.0071983
                 285,            0.032431,           0.0055543,           0.0024867,             0.81728,             0.80828,             0.85162,             0.37621,            0.026976,           0.0044879,           0.0012526,           0.0071884,           0.0071884,           0.0071884
                 286,            0.034197,           0.0047083,           0.0029989,             0.82843,             0.81336,             0.85316,             0.36823,            0.027124,           0.0045109,           0.0012007,           0.0071785,           0.0071785,           0.0071785
                 287,            0.041895,           0.0056291,            0.005286,             0.83687,             0.83283,             0.85168,             0.37868,            0.026013,           0.0044888,           0.0011483,           0.0071686,           0.0071686,           0.0071686
                 288,            0.036796,           0.0055038,           0.0023851,             0.84375,             0.81875,             0.85098,             0.36663,            0.027048,           0.0044555,            0.001149,           0.0071587,           0.0071587,           0.0071587
                 289,            0.035065,           0.0051106,           0.0023813,             0.85344,             0.81954,             0.86893,             0.39363,            0.026673,           0.0044019,           0.0011747,           0.0071488,           0.0071488,           0.0071488
                 290,            0.035677,           0.0053884,            0.002124,             0.87455,             0.82526,             0.87516,             0.39212,            0.026262,           0.0044115,           0.0011772,           0.0071389,           0.0071389,           0.0071389
                 291,            0.035424,           0.0049062,           0.0034665,             0.84703,             0.82732,             0.86517,             0.38967,            0.026548,           0.0043592,            0.001294,            0.007129,            0.007129,            0.007129
                 292,            0.033594,            0.004509,           0.0030907,             0.84734,              0.8019,             0.85426,             0.37829,            0.027402,           0.0043222,           0.0014018,           0.0071191,           0.0071191,           0.0071191
                 293,            0.040122,            0.005753,           0.0025464,             0.85791,             0.81708,             0.87407,              0.3865,            0.025578,            0.004358,           0.0015754,           0.0071092,           0.0071092,           0.0071092
                 294,            0.036627,           0.0060106,           0.0035238,             0.83791,              0.8218,             0.87294,             0.38897,            0.026143,           0.0043872,           0.0016666,           0.0070993,           0.0070993,           0.0070993
                 295,            0.037457,           0.0049495,            0.003218,             0.83451,             0.80311,             0.85799,             0.36717,            0.027911,           0.0044109,           0.0013501,           0.0070894,           0.0070894,           0.0070894
                 296,            0.037024,           0.0057452,           0.0024974,             0.85291,             0.80656,             0.87232,             0.36574,             0.02805,            0.004434,           0.0012628,           0.0070795,           0.0070795,           0.0070795
                 297,            0.045431,           0.0054682,           0.0027002,             0.86831,             0.80605,              0.8708,             0.38808,            0.025525,           0.0044186,            0.001281,           0.0070696,           0.0070696,           0.0070696
                 298,            0.040104,           0.0055588,           0.0025574,             0.83152,             0.81873,             0.86792,             0.38804,            0.026784,           0.0044265,           0.0014936,           0.0070597,           0.0070597,           0.0070597
                 299,            0.036868,           0.0055826,           0.0023027,             0.79827,             0.76621,              0.8246,             0.37153,            0.027543,           0.0044318,           0.0017446,           0.0070498,           0.0070498,           0.0070498
                 300,            0.031662,           0.0045414,           0.0021322,              0.8429,             0.78749,              0.8555,             0.35733,            0.028456,           0.0044013,           0.0012877,           0.0070399,           0.0070399,           0.0070399
                 301,            0.034179,           0.0050117,           0.0020174,              0.8012,             0.83567,             0.84568,             0.37662,            0.029008,           0.0043409,           0.0012258,             0.00703,             0.00703,             0.00703
                 302,            0.032544,            0.005183,           0.0031175,             0.77549,             0.79242,              0.7942,             0.36096,            0.029153,           0.0042916,           0.0012959,           0.0070201,           0.0070201,           0.0070201
                 303,             0.03909,           0.0050166,           0.0024949,             0.82834,             0.76689,             0.84163,             0.36925,            0.028945,           0.0044237,           0.0017289,           0.0070102,           0.0070102,           0.0070102
                 304,            0.033571,           0.0054542,           0.0028698,              0.8334,              0.7624,             0.82055,             0.37197,             0.02841,           0.0043375,           0.0015839,           0.0070003,           0.0070003,           0.0070003
                 305,            0.036395,           0.0055518,           0.0028816,             0.84736,             0.83309,             0.87049,             0.39912,              0.0273,           0.0043337,           0.0015221,           0.0069904,           0.0069904,           0.0069904
                 306,            0.041198,           0.0061156,           0.0024551,             0.83225,             0.80653,              0.8524,             0.38478,            0.028153,           0.0043241,           0.0014394,           0.0069805,           0.0069805,           0.0069805
                 307,               0.041,           0.0053401,           0.0028376,             0.86562,             0.81979,             0.86604,             0.38505,            0.028073,           0.0043736,           0.0015501,           0.0069706,           0.0069706,           0.0069706
                 308,             0.04187,           0.0055328,           0.0036731,             0.85172,             0.80885,              0.8595,             0.35718,            0.027484,           0.0044086,           0.0015776,           0.0069607,           0.0069607,           0.0069607
                 309,            0.033018,           0.0054102,           0.0021626,             0.87013,              0.8318,             0.88118,             0.39316,            0.025783,           0.0043918,           0.0015498,           0.0069508,           0.0069508,           0.0069508
                 310,            0.033955,           0.0046213,           0.0030794,             0.86234,             0.82513,             0.85651,             0.40306,            0.024781,           0.0043491,           0.0013856,           0.0069409,           0.0069409,           0.0069409
                 311,             0.03537,           0.0050236,           0.0030268,             0.85865,             0.85335,              0.8829,             0.40796,            0.024804,           0.0043246,           0.0012579,            0.006931,            0.006931,            0.006931
                 312,            0.035832,           0.0056699,           0.0028404,             0.87032,             0.84113,             0.88168,             0.41134,            0.026798,           0.0043079,           0.0011963,           0.0069211,           0.0069211,           0.0069211
                 313,            0.031987,           0.0056028,           0.0026131,             0.89016,             0.84491,             0.88981,             0.41783,            0.026847,           0.0043149,           0.0011327,           0.0069112,           0.0069112,           0.0069112
                 314,            0.037717,           0.0051262,           0.0021096,             0.85779,             0.85045,             0.88402,             0.38982,            0.027463,           0.0043147,           0.0010792,           0.0069013,           0.0069013,           0.0069013
                 315,            0.035164,           0.0049309,           0.0020765,             0.86326,             0.84464,              0.8852,             0.37921,            0.027495,           0.0043819,           0.0010455,           0.0068914,           0.0068914,           0.0068914
                 316,            0.035626,           0.0054427,           0.0018963,             0.85955,             0.82583,             0.87163,             0.36302,            0.028045,           0.0043544,           0.0010311,           0.0068815,           0.0068815,           0.0068815
                 317,            0.033602,           0.0051125,           0.0017596,             0.86085,              0.8253,             0.86222,             0.40369,            0.027165,           0.0043222,           0.0010229,           0.0068716,           0.0068716,           0.0068716
                 318,            0.032108,           0.0050346,           0.0017893,             0.88624,             0.84188,             0.87992,             0.40336,             0.02657,           0.0042788,          0.00098587,           0.0068617,           0.0068617,           0.0068617
                 319,            0.036168,           0.0054872,           0.0018059,             0.87213,             0.81303,             0.85999,             0.39047,             0.02691,           0.0043169,          0.00099281,           0.0068518,           0.0068518,           0.0068518
                 320,            0.032483,            0.005095,           0.0029616,             0.87036,             0.83748,             0.87574,              0.4035,            0.026846,           0.0043025,          0.00090416,           0.0068419,           0.0068419,           0.0068419
                 321,            0.033605,           0.0053154,           0.0024353,             0.83762,             0.83097,             0.85919,             0.39996,             0.02656,           0.0042823,          0.00096019,            0.006832,            0.006832,            0.006832
                 322,            0.033376,           0.0055483,           0.0023953,             0.82465,             0.83748,              0.8561,             0.39319,            0.026834,           0.0042772,           0.0011358,           0.0068221,           0.0068221,           0.0068221
                 323,            0.041687,           0.0052803,           0.0025602,             0.85595,             0.82288,             0.86922,             0.37982,            0.025826,           0.0043073,           0.0012732,           0.0068122,           0.0068122,           0.0068122
                 324,            0.037401,           0.0056824,           0.0022344,             0.86616,             0.81639,             0.87626,             0.38194,            0.026968,           0.0042434,           0.0013678,           0.0068023,           0.0068023,           0.0068023
                 325,            0.034433,           0.0049638,           0.0021844,             0.86817,             0.81671,             0.87825,             0.38845,            0.026248,           0.0042142,           0.0012447,           0.0067924,           0.0067924,           0.0067924
                 326,             0.03418,           0.0052328,           0.0020776,             0.88578,             0.81176,             0.86432,             0.38897,            0.026547,           0.0042065,            0.001156,           0.0067825,           0.0067825,           0.0067825
                 327,            0.036249,           0.0052318,           0.0023953,             0.87292,             0.82481,              0.8596,             0.39602,            0.026168,           0.0041959,           0.0011304,           0.0067726,           0.0067726,           0.0067726
                 328,            0.036298,           0.0050971,           0.0019174,             0.87166,             0.84427,             0.87214,              0.4056,            0.026148,           0.0042213,           0.0012063,           0.0067627,           0.0067627,           0.0067627
                 329,            0.037589,            0.005681,           0.0025663,              0.8805,             0.83145,             0.87117,             0.40457,            0.025285,           0.0042461,           0.0012462,           0.0067528,           0.0067528,           0.0067528
                 330,            0.034211,           0.0051458,           0.0021086,             0.87358,             0.84964,             0.88103,             0.41646,            0.025901,           0.0042399,           0.0012587,           0.0067429,           0.0067429,           0.0067429
                 331,            0.040735,           0.0054594,           0.0038304,             0.85951,              0.8521,             0.87856,              0.4017,            0.027886,           0.0042573,           0.0011797,            0.006733,            0.006733,            0.006733
                 332,            0.034441,           0.0058075,           0.0031267,             0.84504,             0.86398,             0.88658,             0.40403,            0.027381,           0.0042722,           0.0011985,           0.0067231,           0.0067231,           0.0067231
                 333,            0.033749,           0.0050792,            0.002433,             0.84573,             0.86439,             0.88704,             0.41074,            0.025964,           0.0042487,           0.0011845,           0.0067132,           0.0067132,           0.0067132
                 334,            0.031163,           0.0047238,            0.002059,             0.84899,             0.82965,             0.87346,             0.41541,            0.026085,           0.0042484,           0.0010741,           0.0067033,           0.0067033,           0.0067033
                 335,            0.034674,           0.0050682,           0.0026093,             0.85035,             0.86192,             0.88619,             0.41344,            0.025433,           0.0042576,           0.0010155,           0.0066934,           0.0066934,           0.0066934
                 336,            0.032311,           0.0047901,           0.0020921,             0.87272,             0.84247,              0.8689,             0.40759,            0.026997,           0.0042146,          0.00099614,           0.0066835,           0.0066835,           0.0066835
                 337,            0.034493,           0.0054806,           0.0023428,             0.87819,             0.83303,             0.87842,             0.40703,            0.027453,           0.0041816,          0.00092209,           0.0066736,           0.0066736,           0.0066736
                 338,            0.035852,            0.005038,            0.002258,             0.89071,             0.85229,             0.88356,             0.40393,            0.029272,           0.0041416,          0.00089834,           0.0066637,           0.0066637,           0.0066637
                 339,            0.037663,           0.0052585,           0.0021311,              0.8694,             0.86326,             0.88005,             0.41459,            0.026536,            0.004178,          0.00095293,           0.0066538,           0.0066538,           0.0066538
                 340,            0.032467,           0.0051014,           0.0015854,             0.87328,             0.87201,             0.88516,             0.42181,            0.025897,           0.0041992,           0.0010047,           0.0066439,           0.0066439,           0.0066439
                 341,            0.033279,           0.0049992,           0.0021584,             0.88282,             0.84891,              0.8871,             0.41924,            0.027112,           0.0041798,           0.0010824,            0.006634,            0.006634,            0.006634
                 342,             0.03061,           0.0048799,           0.0018162,             0.85567,             0.84988,             0.87674,             0.41265,            0.025612,           0.0041808,           0.0011741,           0.0066241,           0.0066241,           0.0066241
                 343,            0.034815,            0.005213,           0.0022297,             0.86542,             0.85237,             0.88653,             0.41284,            0.026963,           0.0041935,             0.00115,           0.0066142,           0.0066142,           0.0066142
                 344,            0.034278,           0.0054024,           0.0021254,             0.88648,             0.83954,             0.88157,             0.39981,            0.026656,           0.0042126,           0.0011737,           0.0066043,           0.0066043,           0.0066043
                 345,            0.034368,           0.0051918,           0.0021567,             0.90207,             0.84113,              0.8914,             0.40728,            0.026898,           0.0041838,           0.0011712,           0.0065944,           0.0065944,           0.0065944
                 346,            0.034421,           0.0050186,           0.0021547,             0.87545,             0.83647,             0.89249,             0.39734,            0.026666,           0.0041807,           0.0010505,           0.0065845,           0.0065845,           0.0065845
                 347,            0.037729,            0.005012,           0.0020167,             0.88706,             0.85296,             0.89673,             0.40137,            0.026326,           0.0041761,           0.0010204,           0.0065746,           0.0065746,           0.0065746
                 348,            0.038331,           0.0050205,           0.0018097,             0.88852,             0.83985,              0.8914,             0.41168,            0.026404,           0.0041622,          0.00095431,           0.0065647,           0.0065647,           0.0065647
                 349,            0.033337,           0.0048822,           0.0021992,             0.87315,             0.82275,             0.87746,             0.39708,            0.026838,            0.004162,          0.00095802,           0.0065548,           0.0065548,           0.0065548
                 350,            0.035915,           0.0052324,           0.0021194,             0.86485,             0.84033,             0.87941,             0.40427,            0.026906,           0.0041546,          0.00094484,           0.0065449,           0.0065449,           0.0065449
                 351,            0.033528,           0.0051796,           0.0016817,              0.8787,             0.84548,             0.88517,             0.41524,            0.026208,           0.0041376,           0.0010241,            0.006535,            0.006535,            0.006535
                 352,            0.037973,             0.00557,           0.0024436,             0.89485,             0.81985,             0.88774,              0.4264,            0.026275,           0.0041505,           0.0011388,           0.0065251,           0.0065251,           0.0065251
                 353,            0.030818,           0.0051697,           0.0017127,             0.89271,             0.84199,              0.8952,             0.42911,            0.025012,           0.0041203,          0.00097389,           0.0065152,           0.0065152,           0.0065152
                 354,            0.031912,           0.0047208,           0.0019435,             0.85636,              0.8624,             0.89025,             0.41364,            0.024836,            0.004151,          0.00085456,           0.0065053,           0.0065053,           0.0065053
                 355,            0.030693,           0.0051451,            0.001452,             0.88966,             0.87062,             0.90065,              0.4329,            0.025731,           0.0041517,          0.00084785,           0.0064954,           0.0064954,           0.0064954
                 356,            0.034407,           0.0049758,           0.0023462,             0.87709,             0.84225,             0.88127,             0.42058,            0.025239,           0.0041973,          0.00088524,           0.0064855,           0.0064855,           0.0064855
                 357,            0.035667,           0.0050563,           0.0017515,             0.85513,             0.84771,             0.88345,              0.4231,            0.024921,           0.0041925,          0.00094343,           0.0064756,           0.0064756,           0.0064756
                 358,            0.029922,           0.0042829,           0.0017273,             0.85658,             0.86033,             0.88623,             0.41469,             0.02665,           0.0042116,           0.0010538,           0.0064657,           0.0064657,           0.0064657
                 359,            0.037458,           0.0050779,           0.0017963,             0.86418,             0.86478,              0.8995,             0.42615,            0.025112,           0.0041869,            0.001031,           0.0064558,           0.0064558,           0.0064558
                 360,            0.035976,           0.0053694,            0.002074,              0.8811,             0.87789,             0.90866,             0.42875,            0.026329,            0.004179,           0.0010343,           0.0064459,           0.0064459,           0.0064459
                 361,            0.037504,           0.0055707,           0.0033869,             0.86683,             0.86763,             0.90682,             0.43987,            0.026488,           0.0041704,           0.0010256,            0.006436,            0.006436,            0.006436
                 362,            0.031371,           0.0049227,           0.0018285,              0.8693,             0.87383,              0.9035,             0.42443,            0.025624,            0.004192,          0.00085333,           0.0064261,           0.0064261,           0.0064261
                 363,            0.028866,           0.0049726,           0.0021168,             0.89405,             0.84642,             0.91084,             0.42371,            0.025014,           0.0041682,          0.00089378,           0.0064162,           0.0064162,           0.0064162
                 364,            0.031117,           0.0052225,           0.0022359,             0.89015,             0.84938,               0.904,             0.41897,             0.02482,           0.0041517,          0.00093489,           0.0064063,           0.0064063,           0.0064063
                 365,            0.033785,           0.0051683,           0.0025454,             0.88765,             0.85992,             0.89486,             0.42386,            0.025763,           0.0041259,           0.0010036,           0.0063964,           0.0063964,           0.0063964
                 366,            0.032295,           0.0049404,           0.0019006,             0.89865,             0.86428,              0.9133,             0.44129,            0.025071,           0.0041093,           0.0010565,           0.0063865,           0.0063865,           0.0063865
                 367,            0.039532,           0.0056475,           0.0034639,             0.87325,             0.88286,             0.90824,             0.44139,            0.024803,           0.0040713,          0.00091944,           0.0063766,           0.0063766,           0.0063766
                 368,            0.037507,           0.0053191,           0.0032191,             0.89685,             0.89001,               0.929,             0.44414,            0.023488,           0.0040824,          0.00084221,           0.0063667,           0.0063667,           0.0063667
                 369,            0.032304,           0.0046404,           0.0018083,             0.89421,             0.86809,             0.91395,              0.4391,            0.023511,           0.0040981,          0.00078751,           0.0063568,           0.0063568,           0.0063568
                 370,             0.02953,           0.0050226,           0.0014588,             0.89124,             0.87255,             0.90574,             0.44288,            0.024503,           0.0041015,          0.00078062,           0.0063469,           0.0063469,           0.0063469
                 371,            0.034342,           0.0051913,           0.0021714,             0.89332,             0.87569,             0.90356,             0.44698,            0.024172,           0.0041087,          0.00077652,            0.006337,            0.006337,            0.006337
                 372,            0.031832,           0.0047699,           0.0020015,             0.88755,             0.88143,              0.9052,             0.44458,            0.024446,           0.0041036,          0.00077791,           0.0063271,           0.0063271,           0.0063271
                 373,            0.035706,           0.0050976,           0.0027199,             0.88267,             0.85996,             0.88942,             0.43511,            0.024663,           0.0041084,          0.00079054,           0.0063172,           0.0063172,           0.0063172
                 374,            0.034771,           0.0052962,            0.001796,             0.87748,             0.84398,             0.89066,             0.41869,            0.025576,           0.0040964,           0.0007555,           0.0063073,           0.0063073,           0.0063073
                 375,            0.035139,           0.0044118,            0.001613,             0.90019,             0.86719,              0.9097,             0.43434,            0.024931,           0.0040875,          0.00069647,           0.0062974,           0.0062974,           0.0062974
                 376,            0.032733,           0.0050492,           0.0023397,             0.90204,             0.85827,             0.90888,             0.43479,            0.024172,           0.0040915,          0.00070999,           0.0062875,           0.0062875,           0.0062875
                 377,            0.031878,           0.0049152,           0.0013996,             0.91388,             0.86746,             0.91662,             0.44361,            0.023559,           0.0041056,          0.00075245,           0.0062776,           0.0062776,           0.0062776
                 378,            0.038204,           0.0048961,           0.0022261,             0.91667,             0.86509,             0.90902,             0.43861,            0.024778,           0.0040982,          0.00081233,           0.0062677,           0.0062677,           0.0062677
                 379,            0.036151,           0.0050298,           0.0017982,             0.92378,             0.87049,             0.91698,             0.45076,            0.024531,           0.0040843,          0.00080648,           0.0062578,           0.0062578,           0.0062578
                 380,            0.031162,           0.0049449,           0.0018216,             0.91018,             0.84465,             0.90592,              0.3983,            0.025002,           0.0041192,            0.000781,           0.0062479,           0.0062479,           0.0062479
                 381,            0.034572,           0.0052914,           0.0019027,             0.91799,             0.86164,             0.91612,             0.42952,            0.024268,           0.0041122,          0.00076019,            0.006238,            0.006238,            0.006238
                 382,             0.03351,           0.0052813,           0.0020836,             0.90066,             0.86693,             0.90812,             0.44918,            0.023621,           0.0041098,          0.00073814,           0.0062281,           0.0062281,           0.0062281
                 383,            0.031378,           0.0046434,           0.0019077,             0.89771,              0.8645,             0.90206,               0.436,            0.024222,           0.0041796,          0.00074947,           0.0062182,           0.0062182,           0.0062182
                 384,            0.034641,           0.0056452,           0.0024758,             0.89489,             0.85536,             0.90713,             0.41485,            0.023715,            0.004225,          0.00076288,           0.0062083,           0.0062083,           0.0062083
                 385,            0.035264,           0.0048186,           0.0016869,             0.90746,             0.85535,             0.90644,             0.44835,            0.023366,           0.0041592,          0.00078877,           0.0061984,           0.0061984,           0.0061984
                 386,            0.033597,           0.0048727,           0.0017594,             0.89415,             0.85869,             0.89339,             0.44762,            0.023645,           0.0041338,          0.00076218,           0.0061885,           0.0061885,           0.0061885
                 387,            0.035318,           0.0051369,            0.002082,             0.91724,             0.87307,             0.90484,             0.45194,            0.023252,           0.0041224,          0.00070904,           0.0061786,           0.0061786,           0.0061786
                 388,              0.0314,           0.0046771,           0.0013486,             0.89849,             0.86163,             0.88649,             0.43193,            0.022664,           0.0041387,          0.00070101,           0.0061687,           0.0061687,           0.0061687
                 389,            0.034282,           0.0049822,           0.0032156,             0.90706,             0.87877,             0.90371,             0.43905,            0.022785,           0.0041056,          0.00068838,           0.0061588,           0.0061588,           0.0061588
                 390,            0.031413,           0.0054606,            0.002314,             0.90515,             0.88052,             0.91901,             0.44917,            0.023372,           0.0041028,          0.00070206,           0.0061489,           0.0061489,           0.0061489
                 391,             0.03046,            0.004908,           0.0026403,             0.92339,             0.87779,             0.92057,             0.43719,            0.025512,           0.0040864,          0.00069883,            0.006139,            0.006139,            0.006139
                 392,            0.035094,           0.0051647,           0.0016703,             0.91324,              0.8843,             0.91922,             0.43527,            0.025888,             0.00404,           0.0006875,           0.0061291,           0.0061291,           0.0061291
                 393,            0.034083,           0.0047058,           0.0017601,             0.89145,              0.8843,              0.9134,             0.42924,            0.024299,           0.0040618,          0.00072166,           0.0061192,           0.0061192,           0.0061192
                 394,            0.029709,           0.0044937,            0.001899,             0.92884,             0.87335,             0.92042,             0.43573,            0.024837,            0.004052,          0.00071047,           0.0061093,           0.0061093,           0.0061093
                 395,            0.037236,           0.0048387,           0.0024814,             0.93833,             0.87486,             0.92949,             0.44857,            0.023998,           0.0040508,          0.00069799,           0.0060994,           0.0060994,           0.0060994
                 396,            0.031204,           0.0048911,           0.0020343,             0.91466,             0.86841,             0.91479,             0.42872,            0.027074,           0.0040537,          0.00070449,           0.0060895,           0.0060895,           0.0060895
                 397,            0.033241,           0.0053252,           0.0021008,             0.91182,             0.88223,             0.91304,             0.44482,            0.024003,           0.0040809,          0.00074103,           0.0060796,           0.0060796,           0.0060796
                 398,            0.032689,           0.0046253,             0.00191,             0.91591,             0.87561,             0.91949,             0.43399,            0.023818,           0.0041077,          0.00082797,           0.0060697,           0.0060697,           0.0060697
                 399,            0.033789,           0.0049594,           0.0020165,             0.88247,             0.87779,             0.91097,             0.44335,            0.023414,            0.004091,          0.00084889,           0.0060598,           0.0060598,           0.0060598
                 400,            0.032152,            0.005363,           0.0019082,             0.89209,             0.88557,              0.9128,             0.42784,            0.023602,           0.0041175,          0.00084616,           0.0060499,           0.0060499,           0.0060499
                 401,            0.033151,           0.0050003,           0.0020602,              0.9077,             0.85691,             0.89912,             0.44726,            0.024204,           0.0040767,          0.00088387,             0.00604,             0.00604,             0.00604
                 402,            0.031267,           0.0049419,           0.0018366,             0.90483,             0.87875,             0.91598,             0.45233,            0.024371,           0.0040489,           0.0009564,           0.0060301,           0.0060301,           0.0060301
                 403,            0.031973,           0.0051583,           0.0022171,             0.87659,             0.86891,             0.89275,             0.43738,            0.024243,           0.0040442,            0.001062,           0.0060202,           0.0060202,           0.0060202
                 404,            0.030617,           0.0050138,           0.0021969,             0.89173,             0.88273,             0.90875,             0.44504,            0.023955,           0.0040427,           0.0010423,           0.0060103,           0.0060103,           0.0060103
                 405,             0.02941,           0.0047112,           0.0016915,             0.90133,             0.87382,             0.90969,             0.45243,            0.023498,           0.0040165,           0.0010405,           0.0060004,           0.0060004,           0.0060004
                 406,             0.03116,           0.0051652,           0.0018189,             0.88913,             0.87419,              0.9117,             0.45413,            0.022305,           0.0040098,           0.0010356,           0.0059905,           0.0059905,           0.0059905
                 407,            0.033089,           0.0051107,           0.0022339,              0.9145,             0.87827,             0.92017,             0.45592,            0.022601,           0.0039861,          0.00088745,           0.0059806,           0.0059806,           0.0059806
                 408,            0.033866,           0.0049218,           0.0022748,             0.89091,             0.88843,             0.91458,              0.4513,            0.023414,            0.003997,           0.0008688,           0.0059707,           0.0059707,           0.0059707
                 409,            0.032344,           0.0049052,           0.0018777,              0.9028,             0.87985,             0.90707,             0.44108,             0.02424,           0.0040035,          0.00079149,           0.0059608,           0.0059608,           0.0059608
                 410,            0.032062,           0.0048922,           0.0015596,             0.91997,             0.89414,             0.92701,              0.4635,            0.024006,           0.0040241,          0.00071423,           0.0059509,           0.0059509,           0.0059509
                 411,            0.036512,           0.0048631,            0.002493,             0.90909,             0.89128,              0.9249,             0.45297,            0.023281,           0.0040456,          0.00069817,            0.005941,            0.005941,            0.005941
                 412,            0.030854,           0.0044417,           0.0013431,             0.89908,             0.89283,              0.9226,             0.45102,            0.022594,            0.004057,          0.00074395,           0.0059311,           0.0059311,           0.0059311
                 413,            0.030309,           0.0043181,           0.0017599,             0.91034,             0.88478,             0.92712,             0.44646,            0.023626,           0.0040512,          0.00078227,           0.0059212,           0.0059212,           0.0059212
                 414,            0.031803,           0.0046898,           0.0018878,             0.92771,             0.88646,             0.93228,             0.45358,            0.023978,           0.0040332,          0.00079034,           0.0059113,           0.0059113,           0.0059113
                 415,            0.033131,           0.0047005,           0.0020863,             0.92954,             0.87638,             0.91784,             0.45003,            0.022246,           0.0040622,          0.00077743,           0.0059014,           0.0059014,           0.0059014
                 416,            0.031274,           0.0053808,           0.0020977,              0.9376,             0.88625,              0.9274,             0.45768,            0.022325,           0.0040716,          0.00074056,           0.0058915,           0.0058915,           0.0058915
                 417,            0.034288,           0.0051839,            0.001626,             0.92052,             0.88268,             0.91826,             0.45342,            0.022867,           0.0040505,          0.00071716,           0.0058816,           0.0058816,           0.0058816
                 418,            0.030359,           0.0053081,           0.0017675,              0.9435,             0.90503,             0.93542,             0.46643,              0.0224,           0.0040382,          0.00070771,           0.0058717,           0.0058717,           0.0058717
                 419,            0.033436,           0.0044319,           0.0015075,             0.92543,             0.89114,              0.9321,             0.46018,            0.022145,           0.0040612,          0.00073243,           0.0058618,           0.0058618,           0.0058618
                 420,            0.032564,           0.0050108,            0.002213,             0.90261,             0.88527,             0.92042,             0.44999,            0.021376,           0.0040735,          0.00086206,           0.0058519,           0.0058519,           0.0058519
                 421,            0.029082,           0.0052177,           0.0021012,             0.87731,             0.86192,              0.9055,               0.432,            0.021976,           0.0040665,          0.00090788,            0.005842,            0.005842,            0.005842
                 422,            0.033568,           0.0051517,           0.0018449,             0.90159,             0.87335,             0.91843,              0.4495,            0.022339,           0.0040501,          0.00089231,           0.0058321,           0.0058321,           0.0058321
                 423,            0.030845,           0.0049036,           0.0017184,             0.90701,             0.87509,             0.91126,             0.44543,              0.0228,           0.0040495,          0.00082635,           0.0058222,           0.0058222,           0.0058222
                 424,            0.030949,           0.0049165,           0.0017536,             0.91323,             0.85462,             0.91655,             0.41935,            0.023626,           0.0040343,          0.00080678,           0.0058123,           0.0058123,           0.0058123
                 425,            0.030386,           0.0048627,           0.0014911,             0.93515,             0.87493,             0.91804,             0.45482,            0.021926,           0.0040291,           0.0008527,           0.0058024,           0.0058024,           0.0058024
                 426,            0.029857,           0.0050805,            0.002067,             0.92294,             0.87532,             0.92306,             0.44679,            0.022503,           0.0040497,          0.00086273,           0.0057925,           0.0057925,           0.0057925
                 427,            0.029401,            0.005105,           0.0017189,             0.89742,             0.89366,             0.91539,             0.45707,            0.022725,             0.00404,          0.00077137,           0.0057826,           0.0057826,           0.0057826
                 428,            0.027132,           0.0045308,           0.0013653,             0.90268,             0.87443,             0.91101,             0.45188,            0.022184,           0.0040621,          0.00071892,           0.0057727,           0.0057727,           0.0057727
                 429,             0.02925,           0.0054581,           0.0013025,             0.88375,             0.88102,             0.90565,              0.4643,            0.022825,           0.0040474,          0.00067764,           0.0057628,           0.0057628,           0.0057628
                 430,            0.032536,            0.005129,           0.0020514,              0.9134,             0.86065,              0.9188,             0.45792,            0.022561,           0.0040506,          0.00064314,           0.0057529,           0.0057529,           0.0057529
                 431,            0.031754,           0.0052621,           0.0019239,             0.89381,             0.88144,             0.91901,             0.46421,            0.022669,           0.0040104,          0.00061789,            0.005743,            0.005743,            0.005743
                 432,            0.035075,           0.0050536,           0.0016935,             0.91237,              0.8908,             0.92045,             0.44326,            0.022466,            0.004021,          0.00062482,           0.0057331,           0.0057331,           0.0057331
                 433,            0.031447,           0.0052602,           0.0012861,             0.92098,             0.88624,             0.92808,             0.46408,             0.02125,           0.0039881,          0.00064911,           0.0057232,           0.0057232,           0.0057232
                 434,            0.032461,           0.0049527,           0.0018593,             0.90257,             0.89977,             0.93323,              0.4608,            0.022002,           0.0040304,          0.00074096,           0.0057133,           0.0057133,           0.0057133
                 435,             0.03249,            0.004988,           0.0017842,             0.90158,             0.86843,             0.91221,             0.43525,            0.023493,           0.0041308,            0.001072,           0.0057034,           0.0057034,           0.0057034
                 436,            0.032342,           0.0047593,           0.0019287,             0.89739,             0.87472,             0.91468,             0.43923,            0.022781,           0.0040843,          0.00085281,           0.0056935,           0.0056935,           0.0056935
                 437,            0.035358,           0.0051461,           0.0017145,              0.8931,              0.8814,             0.91866,             0.45603,            0.023189,           0.0040293,          0.00084021,           0.0056836,           0.0056836,           0.0056836
                 438,            0.029069,           0.0045907,           0.0013923,             0.86712,             0.89232,             0.91085,             0.45977,            0.024291,           0.0039948,          0.00083536,           0.0056737,           0.0056737,           0.0056737
                 439,            0.031137,           0.0043911,           0.0017789,             0.87635,             0.91203,             0.91817,             0.46715,            0.023941,            0.003957,          0.00074981,           0.0056638,           0.0056638,           0.0056638
                 440,            0.030078,           0.0049155,           0.0018323,             0.88639,             0.87833,             0.90067,             0.42501,            0.024228,            0.003976,          0.00071445,           0.0056539,           0.0056539,           0.0056539
                 441,            0.033017,           0.0049736,           0.0017877,             0.90212,             0.91001,             0.92742,             0.45507,            0.023642,           0.0039977,          0.00069682,            0.005644,            0.005644,            0.005644
                 442,            0.031237,           0.0047698,            0.002293,             0.88623,             0.88478,             0.90616,             0.45932,            0.022583,           0.0039958,          0.00070811,           0.0056341,           0.0056341,           0.0056341
                 443,            0.035487,           0.0052551,           0.0018085,             0.88044,             0.88445,             0.90941,             0.46089,            0.022939,           0.0039981,          0.00073099,           0.0056242,           0.0056242,           0.0056242
                 444,            0.035022,           0.0053284,           0.0015458,             0.88758,             0.88922,             0.91632,             0.45546,            0.022446,           0.0039838,          0.00072916,           0.0056143,           0.0056143,           0.0056143
                 445,            0.031074,           0.0053437,           0.0019885,              0.9037,             0.87414,             0.92421,             0.44104,            0.023527,           0.0039798,          0.00073122,           0.0056044,           0.0056044,           0.0056044
                 446,            0.032232,            0.004702,           0.0014032,             0.91536,             0.87682,             0.91986,             0.42986,            0.022851,           0.0039819,          0.00068481,           0.0055945,           0.0055945,           0.0055945
                 447,            0.032364,           0.0046217,           0.0015695,             0.90561,             0.84938,             0.89138,              0.4212,            0.023246,           0.0040594,          0.00071909,           0.0055846,           0.0055846,           0.0055846
                 448,            0.027168,           0.0047545,           0.0014735,             0.88073,             0.86766,             0.89446,             0.43067,            0.023485,           0.0040789,          0.00077589,           0.0055747,           0.0055747,           0.0055747
                 449,            0.027043,           0.0043411,           0.0013013,             0.89603,              0.8966,             0.90297,             0.43235,            0.023602,           0.0040362,          0.00080384,           0.0055648,           0.0055648,           0.0055648
                 450,            0.035063,           0.0051061,           0.0013686,              0.9369,             0.86557,             0.92336,               0.452,            0.023743,            0.004022,          0.00094367,           0.0055549,           0.0055549,           0.0055549
                 451,            0.031291,           0.0044364,           0.0014588,             0.89052,              0.9003,              0.9255,             0.44241,            0.024578,           0.0040512,          0.00098329,            0.005545,            0.005545,            0.005545
                 452,            0.033194,           0.0054025,           0.0016845,              0.9198,             0.90559,             0.93488,             0.45524,            0.023937,           0.0039754,          0.00093826,           0.0055351,           0.0055351,           0.0055351
                 453,            0.034481,           0.0048454,           0.0019749,             0.91788,              0.9116,             0.93668,             0.46187,            0.022101,           0.0039175,          0.00092651,           0.0055252,           0.0055252,           0.0055252
                 454,            0.032109,           0.0048239,           0.0016852,             0.93418,             0.91554,             0.94853,             0.47567,            0.022162,           0.0039286,           0.0010036,           0.0055153,           0.0055153,           0.0055153
                 455,             0.03115,           0.0045447,           0.0015836,             0.92454,             0.90925,             0.93631,             0.46597,            0.023802,           0.0039489,          0.00099784,           0.0055054,           0.0055054,           0.0055054
                 456,            0.037909,           0.0050798,           0.0027114,             0.90525,             0.90874,             0.91501,             0.45377,            0.024344,           0.0039716,           0.0010072,           0.0054955,           0.0054955,           0.0054955
                 457,            0.031998,           0.0045981,           0.0018549,              0.9266,             0.91318,             0.93984,              0.4645,            0.024099,            0.003969,           0.0010838,           0.0054856,           0.0054856,           0.0054856
                 458,            0.030686,           0.0049296,           0.0016745,             0.92724,             0.91195,             0.94003,             0.46684,            0.024021,           0.0039877,           0.0012411,           0.0054757,           0.0054757,           0.0054757
                 459,            0.028649,           0.0043639,           0.0023221,              0.9346,             0.92198,             0.94798,             0.46716,            0.023221,           0.0039782,           0.0013128,           0.0054658,           0.0054658,           0.0054658
                 460,            0.030933,           0.0044072,           0.0018062,             0.92284,             0.89652,             0.93625,             0.47206,            0.023191,           0.0039988,           0.0011318,           0.0054559,           0.0054559,           0.0054559
                 461,            0.029489,           0.0048382,           0.0018555,             0.92261,             0.89662,             0.93848,             0.46302,            0.022349,           0.0040257,            0.001068,            0.005446,            0.005446,            0.005446
                 462,            0.032133,           0.0052743,           0.0018045,             0.91565,             0.90741,             0.93783,             0.47375,            0.021815,           0.0040223,           0.0010843,           0.0054361,           0.0054361,           0.0054361
                 463,            0.028617,           0.0046659,           0.0022007,             0.92817,             0.87731,             0.92429,             0.46325,            0.021722,           0.0040553,           0.0010266,           0.0054262,           0.0054262,           0.0054262
                 464,             0.02739,           0.0053328,           0.0014177,             0.93391,             0.88524,             0.93272,             0.46339,            0.022301,           0.0040303,          0.00099207,           0.0054163,           0.0054163,           0.0054163
                 465,            0.027963,           0.0044235,           0.0014762,             0.90449,             0.87638,             0.92303,              0.4671,            0.021716,           0.0039994,          0.00097212,           0.0054064,           0.0054064,           0.0054064
                 466,            0.027967,           0.0038148,           0.0015485,             0.89987,             0.89445,             0.92754,             0.48006,            0.021813,           0.0039728,           0.0010075,           0.0053965,           0.0053965,           0.0053965
                 467,            0.031866,           0.0042003,           0.0024316,             0.92477,             0.87731,             0.93138,             0.47835,            0.022695,           0.0039571,          0.00096551,           0.0053866,           0.0053866,           0.0053866
                 468,            0.030913,           0.0044599,           0.0021235,             0.93577,             0.88336,             0.93362,             0.47661,            0.021732,           0.0039436,          0.00081843,           0.0053767,           0.0053767,           0.0053767
                 469,            0.031683,           0.0048262,           0.0013742,              0.9407,              0.8843,             0.93177,             0.48041,            0.022234,           0.0039321,          0.00077657,           0.0053668,           0.0053668,           0.0053668
                 470,            0.032159,           0.0048098,           0.0014911,             0.92846,             0.87609,              0.9272,             0.45478,            0.022656,           0.0039976,          0.00074877,           0.0053569,           0.0053569,           0.0053569
                 471,            0.028455,           0.0046957,           0.0014795,             0.93341,             0.88065,              0.9307,             0.46909,            0.022746,           0.0039728,          0.00069719,            0.005347,            0.005347,            0.005347
                 472,            0.032007,           0.0049653,           0.0021372,             0.93803,              0.8843,             0.93571,             0.47638,            0.022497,           0.0039621,          0.00068444,           0.0053371,           0.0053371,           0.0053371
                 473,            0.031708,           0.0053254,           0.0021563,             0.89704,             0.92588,             0.93282,             0.48192,            0.020949,           0.0039201,          0.00065019,           0.0053272,           0.0053272,           0.0053272
                 474,            0.029542,           0.0044511,             0.00137,             0.93076,             0.92096,              0.9464,              0.4798,            0.022346,           0.0039007,          0.00062977,           0.0053173,           0.0053173,           0.0053173
                 475,            0.027771,           0.0045902,           0.0014158,             0.92526,             0.92747,               0.951,             0.48351,            0.022159,           0.0038819,          0.00063074,           0.0053074,           0.0053074,           0.0053074
                 476,            0.030923,           0.0046366,           0.0014747,             0.92454,             0.92096,             0.94883,             0.48311,            0.022555,           0.0038744,          0.00064851,           0.0052975,           0.0052975,           0.0052975
                 477,            0.031035,           0.0052419,           0.0013706,             0.92961,             0.91228,             0.95157,             0.48955,             0.02248,           0.0038735,          0.00064846,           0.0052876,           0.0052876,           0.0052876
                 478,            0.030109,           0.0047607,           0.0016372,             0.92947,              0.9116,             0.95185,             0.48938,            0.023371,           0.0038875,          0.00067982,           0.0052777,           0.0052777,           0.0052777
                 479,            0.030236,           0.0044528,           0.0016708,             0.93761,             0.90421,             0.95069,              0.4746,            0.022864,            0.003846,          0.00066714,           0.0052678,           0.0052678,           0.0052678
                 480,            0.029239,           0.0044207,           0.0014275,             0.94834,             0.90588,              0.9455,             0.47559,            0.022064,           0.0038419,          0.00063357,           0.0052579,           0.0052579,           0.0052579
                 481,             0.03108,           0.0045742,           0.0021684,             0.91363,             0.90509,             0.93903,             0.49281,            0.021214,           0.0038425,          0.00062119,            0.005248,            0.005248,            0.005248
                 482,            0.028389,           0.0051695,           0.0013503,             0.91664,             0.91525,             0.94762,             0.50117,            0.021184,            0.003849,          0.00061244,           0.0052381,           0.0052381,           0.0052381
                 483,            0.032743,           0.0043718,            0.001627,             0.92166,             0.93112,             0.94428,             0.50367,            0.022303,           0.0038525,          0.00059727,           0.0052282,           0.0052282,           0.0052282
                 484,            0.031018,           0.0051807,           0.0018149,             0.93631,             0.93397,             0.95421,             0.50977,            0.021561,           0.0038309,          0.00056089,           0.0052183,           0.0052183,           0.0052183
                 485,            0.029065,           0.0044675,           0.0014155,             0.95117,             0.91239,             0.94555,             0.51337,            0.020822,           0.0038494,          0.00055666,           0.0052084,           0.0052084,           0.0052084
                 486,            0.033542,            0.005224,           0.0018621,             0.94792,             0.90222,             0.94643,             0.49716,            0.021049,           0.0038739,          0.00058156,           0.0051985,           0.0051985,           0.0051985
                 487,            0.028843,           0.0049158,          0.00097037,             0.93333,              0.9129,             0.94927,             0.50121,            0.021697,             0.00387,          0.00062356,           0.0051886,           0.0051886,           0.0051886
                 488,            0.026868,           0.0043558,           0.0017696,             0.91977,             0.91319,             0.94351,             0.49805,            0.021106,           0.0038355,          0.00060764,           0.0051787,           0.0051787,           0.0051787
                 489,            0.028189,           0.0047043,           0.0018052,             0.93583,             0.91572,             0.95239,             0.50204,            0.022716,           0.0038281,          0.00062729,           0.0051688,           0.0051688,           0.0051688
                 490,            0.033142,           0.0043943,           0.0015901,             0.93258,              0.9108,             0.95291,             0.49575,            0.022659,             0.00383,           0.0006495,           0.0051589,           0.0051589,           0.0051589
                 491,              0.0313,           0.0045518,            0.001394,             0.93068,             0.90207,             0.93861,              0.4829,            0.021963,            0.003845,          0.00061975,            0.005149,            0.005149,            0.005149
                 492,            0.027572,           0.0045596,           0.0014733,             0.91586,             0.91494,              0.9363,             0.46981,            0.021235,            0.003876,          0.00061759,           0.0051391,           0.0051391,           0.0051391
                 493,            0.029045,           0.0049667,           0.0012611,              0.9273,             0.91096,             0.94547,              0.4795,            0.020968,           0.0038707,          0.00063716,           0.0051292,           0.0051292,           0.0051292
                 494,            0.030938,            0.004999,           0.0013245,             0.92684,             0.90871,             0.93845,             0.46431,            0.021592,            0.003866,          0.00064548,           0.0051193,           0.0051193,           0.0051193
                 495,            0.031321,           0.0052141,           0.0019123,             0.91731,              0.8981,             0.92802,             0.47232,            0.021984,           0.0038633,          0.00063759,           0.0051094,           0.0051094,           0.0051094
                 496,            0.029158,           0.0044222,           0.0017805,             0.92837,              0.9043,             0.94323,             0.48466,            0.021223,           0.0038329,          0.00061166,           0.0050995,           0.0050995,           0.0050995
                 497,            0.026479,           0.0049608,           0.0015255,             0.93074,             0.89908,             0.94491,             0.48333,            0.020956,           0.0038024,          0.00060556,           0.0050896,           0.0050896,           0.0050896
                 498,            0.032731,           0.0048491,           0.0020835,             0.93716,             0.90636,             0.94515,             0.50414,            0.020359,           0.0037876,          0.00058949,           0.0050797,           0.0050797,           0.0050797
                 499,            0.028964,           0.0046435,           0.0015231,             0.93591,             0.90356,             0.94141,             0.49724,            0.021126,           0.0038267,          0.00055902,           0.0050698,           0.0050698,           0.0050698
                 500,            0.027979,           0.0039938,           0.0010446,             0.92943,             0.91432,              0.9454,             0.49819,            0.020904,           0.0038017,          0.00053199,           0.0050599,           0.0050599,           0.0050599
                 501,            0.032075,           0.0049193,           0.0022634,             0.92559,             0.90223,             0.94678,             0.50377,            0.021586,           0.0037995,           0.0005171,             0.00505,             0.00505,             0.00505
                 502,            0.030237,           0.0044537,           0.0011764,              0.9299,              0.9012,             0.94805,             0.50135,            0.020719,           0.0037874,          0.00050741,           0.0050401,           0.0050401,           0.0050401
                 503,            0.031592,           0.0043686,           0.0015794,             0.91639,             0.91848,             0.94734,             0.50759,            0.021004,           0.0037798,          0.00051048,           0.0050302,           0.0050302,           0.0050302
                 504,            0.027674,           0.0044345,           0.0012216,             0.93062,             0.92302,             0.95719,             0.51357,            0.020808,           0.0037628,          0.00051159,           0.0050203,           0.0050203,           0.0050203
                 505,            0.029256,           0.0046649,           0.0015036,             0.91469,             0.91916,             0.94792,             0.51497,            0.021244,           0.0037536,          0.00050861,           0.0050104,           0.0050104,           0.0050104
                 506,            0.028248,           0.0047346,           0.0011048,             0.95171,             0.89967,             0.95516,             0.50655,            0.020151,           0.0037587,          0.00051551,           0.0050005,           0.0050005,           0.0050005
                 507,            0.031087,           0.0048147,            0.001096,              0.9578,             0.88576,             0.93963,             0.49694,             0.02056,           0.0037768,           0.0005446,           0.0049906,           0.0049906,           0.0049906
                 508,            0.027271,           0.0042984,          0.00088909,             0.96309,             0.87852,             0.94338,             0.49987,            0.020454,            0.003782,          0.00056594,           0.0049807,           0.0049807,           0.0049807
                 509,            0.027729,           0.0047534,           0.0020718,             0.95898,             0.89433,             0.94915,             0.49971,            0.020472,           0.0037736,          0.00058436,           0.0049708,           0.0049708,           0.0049708
                 510,            0.029316,           0.0045779,           0.0016922,             0.94203,              0.9118,             0.95331,             0.50303,            0.021133,           0.0037689,          0.00059534,           0.0049609,           0.0049609,           0.0049609
                 511,            0.028476,           0.0046958,           0.0012326,             0.94154,             0.92932,             0.94909,             0.49454,            0.020996,           0.0037677,          0.00059251,            0.004951,            0.004951,            0.004951
                 512,            0.028902,             0.00467,           0.0019972,             0.93446,             0.91571,              0.9352,             0.47877,            0.021239,           0.0037829,          0.00071108,           0.0049411,           0.0049411,           0.0049411
                 513,            0.028375,           0.0040331,           0.0013573,             0.93478,             0.91013,             0.93856,             0.49124,            0.021721,           0.0037659,           0.0007371,           0.0049312,           0.0049312,           0.0049312
                 514,            0.030572,           0.0047507,           0.0017808,             0.92581,             0.89745,             0.93419,             0.50237,            0.022028,           0.0037591,          0.00069352,           0.0049213,           0.0049213,           0.0049213
                 515,            0.031764,           0.0045995,           0.0016013,             0.95235,             0.90839,             0.94717,             0.49998,            0.021227,           0.0037706,          0.00053394,           0.0049114,           0.0049114,           0.0049114
                 516,            0.028402,           0.0045321,            0.001634,             0.94696,             0.92369,             0.95096,             0.51235,            0.020975,           0.0037336,          0.00050402,           0.0049015,           0.0049015,           0.0049015
                 517,            0.027458,           0.0045073,            0.001539,              0.9516,             0.92168,             0.95062,             0.51122,            0.021458,           0.0037348,           0.0005072,           0.0048916,           0.0048916,           0.0048916
                 518,            0.027215,           0.0047064,           0.0012011,             0.94395,             0.91937,             0.95156,             0.50947,            0.021265,           0.0037372,           0.0005052,           0.0048817,           0.0048817,           0.0048817
                 519,            0.029049,           0.0050078,           0.0013648,             0.97351,             0.92463,             0.96515,             0.51221,             0.02091,           0.0037304,          0.00048965,           0.0048718,           0.0048718,           0.0048718
                 520,            0.027179,           0.0043661,           0.0012709,             0.96959,             0.92043,             0.96377,             0.51664,            0.020928,           0.0037172,          0.00047616,           0.0048619,           0.0048619,           0.0048619
                 521,            0.031034,           0.0049168,           0.0014724,              0.9458,             0.92822,             0.95957,             0.52049,            0.020551,           0.0037172,          0.00045946,            0.004852,            0.004852,            0.004852
                 522,            0.029754,           0.0047321,           0.0014057,             0.93758,             0.92558,             0.95527,             0.52917,            0.019746,           0.0037262,          0.00045552,           0.0048421,           0.0048421,           0.0048421
                 523,            0.031363,           0.0047838,           0.0014937,             0.94857,             0.90005,             0.94155,             0.51627,            0.020238,           0.0037128,          0.00050228,           0.0048322,           0.0048322,           0.0048322
                 524,            0.029948,           0.0045464,           0.0013091,             0.94441,             0.90731,             0.94755,             0.50868,            0.019033,           0.0037203,          0.00053882,           0.0048223,           0.0048223,           0.0048223
                 525,            0.029241,           0.0047043,           0.0012904,             0.93959,             0.90914,             0.93951,             0.51257,             0.01976,           0.0037367,           0.0005707,           0.0048124,           0.0048124,           0.0048124
                 526,            0.028141,           0.0049863,           0.0012539,             0.94552,             0.91652,             0.94448,             0.52027,            0.020093,           0.0037306,          0.00056933,           0.0048025,           0.0048025,           0.0048025
                 527,            0.030354,           0.0046121,            0.001309,              0.9497,             0.90469,             0.94953,             0.52363,            0.020061,           0.0037127,          0.00055875,           0.0047926,           0.0047926,           0.0047926
                 528,            0.026979,           0.0047133,           0.0010049,             0.93521,             0.92079,             0.94984,             0.51675,            0.021748,           0.0037045,          0.00056925,           0.0047827,           0.0047827,           0.0047827
                 529,            0.032673,           0.0045363,           0.0014894,              0.9485,             0.89043,              0.9486,             0.51789,            0.020685,           0.0037307,          0.00057173,           0.0047728,           0.0047728,           0.0047728
                 530,            0.028184,           0.0049993,           0.0019676,             0.92662,             0.92044,             0.94941,             0.51394,            0.019993,           0.0037482,          0.00055781,           0.0047629,           0.0047629,           0.0047629
                 531,            0.028729,           0.0045205,           0.0018464,             0.94881,             0.89493,             0.93766,             0.50739,              0.0203,           0.0037278,          0.00056657,            0.004753,            0.004753,            0.004753
                 532,            0.026158,           0.0044899,           0.0010191,             0.94119,             0.93489,             0.95159,             0.51473,            0.020109,           0.0037062,          0.00058321,           0.0047431,           0.0047431,           0.0047431
                 533,             0.02473,           0.0044167,          0.00099828,             0.95113,             0.94014,             0.95543,             0.52526,            0.020503,           0.0037141,          0.00059395,           0.0047332,           0.0047332,           0.0047332
                 534,            0.028025,            0.004531,           0.0013429,              0.9465,             0.92302,             0.94723,             0.51362,            0.021459,           0.0037588,          0.00062064,           0.0047233,           0.0047233,           0.0047233
                 535,             0.03005,           0.0044725,           0.0020618,             0.94368,             0.92096,             0.95079,             0.48461,            0.022381,           0.0038127,           0.0006619,           0.0047134,           0.0047134,           0.0047134
                 536,            0.031466,           0.0043552,           0.0016215,             0.94465,             0.92461,             0.95572,             0.48851,              0.0221,           0.0038141,          0.00066716,           0.0047035,           0.0047035,           0.0047035
                 537,            0.028744,           0.0044494,           0.0012018,             0.96054,             0.93184,              0.9554,             0.48702,            0.022732,           0.0038131,          0.00063251,           0.0046936,           0.0046936,           0.0046936
                 538,            0.030269,           0.0048388,           0.0023343,             0.94283,             0.92232,             0.95235,             0.51618,            0.022186,           0.0037812,          0.00061128,           0.0046837,           0.0046837,           0.0046837
                 539,            0.029576,           0.0047798,             0.00167,             0.92176,             0.91249,              0.9436,             0.49764,            0.020831,           0.0037752,          0.00061174,           0.0046738,           0.0046738,           0.0046738
                 540,            0.028617,           0.0046716,            0.001861,             0.93668,             0.89404,             0.93616,             0.48408,            0.020607,           0.0037838,          0.00062143,           0.0046639,           0.0046639,           0.0046639
                 541,            0.026718,           0.0043415,            0.001536,             0.92397,             0.91445,             0.94635,             0.49952,            0.019595,           0.0037671,          0.00057506,            0.004654,            0.004654,            0.004654
                 542,            0.029694,           0.0048808,           0.0015976,             0.93458,             0.91717,             0.94728,             0.50709,            0.020739,           0.0037455,          0.00055347,           0.0046441,           0.0046441,           0.0046441
                 543,            0.028401,           0.0040587,           0.0013103,             0.94037,             0.90145,             0.94265,             0.51061,            0.021012,           0.0037499,          0.00053666,           0.0046342,           0.0046342,           0.0046342
                 544,            0.029891,           0.0047429,           0.0014183,             0.94072,             0.91068,             0.94327,             0.49932,            0.020547,            0.003789,          0.00054078,           0.0046243,           0.0046243,           0.0046243
                 545,            0.028668,           0.0045613,            0.001761,             0.93474,             0.92733,             0.94269,             0.50907,             0.02065,           0.0038069,          0.00055577,           0.0046144,           0.0046144,           0.0046144
                 546,            0.029059,           0.0042507,           0.0017154,             0.93317,             0.91678,             0.93729,             0.51149,            0.020078,           0.0038057,          0.00056601,           0.0046045,           0.0046045,           0.0046045
                 547,            0.025038,           0.0049787,           0.0010375,             0.92114,             0.94619,             0.94741,             0.50498,             0.02137,           0.0037543,          0.00056999,           0.0045946,           0.0045946,           0.0045946
                 548,            0.035049,           0.0046254,           0.0015723,             0.94052,             0.91652,             0.94571,             0.51301,            0.019667,           0.0037408,           0.0005873,           0.0045847,           0.0045847,           0.0045847
                 549,            0.027095,           0.0046722,           0.0012311,             0.95693,             0.91624,             0.95539,              0.5186,            0.019921,            0.003748,          0.00063666,           0.0045748,           0.0045748,           0.0045748
                 550,             0.03018,           0.0043124,           0.0010999,             0.94558,             0.91574,             0.94988,             0.50709,            0.020036,           0.0037556,          0.00071969,           0.0045649,           0.0045649,           0.0045649
                 551,            0.028882,           0.0045933,           0.0013865,             0.95942,             0.90874,             0.95507,             0.51044,            0.019437,           0.0037243,          0.00081102,            0.004555,            0.004555,            0.004555
                 552,            0.026236,           0.0043519,           0.0013615,             0.96027,             0.92355,             0.95836,             0.51231,            0.018724,           0.0036926,          0.00079414,           0.0045451,           0.0045451,           0.0045451
                 553,            0.029233,           0.0046798,           0.0020868,             0.95897,             0.92382,             0.96102,             0.51798,             0.01906,           0.0036806,          0.00074656,           0.0045352,           0.0045352,           0.0045352
                 554,            0.024391,           0.0047048,           0.0018293,             0.95357,             0.91445,             0.95697,             0.50771,            0.019295,           0.0036883,          0.00071829,           0.0045253,           0.0045253,           0.0045253
                 555,            0.030878,           0.0045068,           0.0026204,             0.95273,             0.92283,             0.95588,             0.50697,            0.019288,           0.0037002,          0.00070601,           0.0045154,           0.0045154,           0.0045154
                 556,            0.029399,           0.0044566,           0.0023119,             0.93423,             0.93682,             0.95735,             0.50058,            0.019317,            0.003727,          0.00070925,           0.0045055,           0.0045055,           0.0045055
                 557,            0.028462,           0.0046683,           0.0016892,             0.92803,             0.93211,             0.95672,             0.49156,             0.01925,           0.0037484,           0.0006846,           0.0044956,           0.0044956,           0.0044956
                 558,              0.0267,           0.0047013,           0.0013612,             0.95174,             0.93683,             0.95806,             0.49543,            0.019624,           0.0037319,          0.00065147,           0.0044857,           0.0044857,           0.0044857
                 559,            0.030356,           0.0051952,           0.0014882,             0.95534,             0.93969,              0.9586,             0.50849,            0.018831,           0.0036878,          0.00062904,           0.0044758,           0.0044758,           0.0044758
                 560,            0.024486,           0.0048694,             0.00127,             0.95701,             0.93604,             0.96222,             0.51068,            0.018634,           0.0036935,          0.00057364,           0.0044659,           0.0044659,           0.0044659
                 561,            0.025629,           0.0045187,           0.0017671,             0.96593,             0.92644,              0.9572,             0.51643,               0.019,           0.0036682,          0.00053508,            0.004456,            0.004456,            0.004456
                 562,            0.031702,           0.0050817,           0.0014543,             0.95965,             0.93032,             0.95814,             0.50587,            0.019762,           0.0036619,          0.00049895,           0.0044461,           0.0044461,           0.0044461
                 563,             0.02783,           0.0043276,           0.0014591,             0.94558,             0.94467,             0.95813,             0.52172,            0.020392,           0.0036448,          0.00046344,           0.0044362,           0.0044362,           0.0044362
                 564,            0.032273,            0.004656,           0.0015428,             0.96905,             0.92784,             0.96217,             0.52577,            0.020129,           0.0036395,          0.00047287,           0.0044263,           0.0044263,           0.0044263
                 565,            0.028219,           0.0045123,           0.0013638,             0.94219,             0.94619,             0.95948,             0.52046,            0.020045,           0.0036343,          0.00048661,           0.0044164,           0.0044164,           0.0044164
                 566,            0.025358,           0.0041613,          0.00089992,             0.95341,              0.9396,             0.95848,             0.50678,            0.020086,           0.0036649,          0.00050048,           0.0044065,           0.0044065,           0.0044065
                 567,            0.026417,           0.0044668,           0.0014723,             0.96559,             0.93247,             0.95899,             0.52227,            0.019066,           0.0036603,          0.00049263,           0.0043966,           0.0043966,           0.0043966
                 568,            0.026414,           0.0041183,           0.0018511,             0.95736,             0.92743,             0.94605,             0.50501,            0.019561,           0.0037197,          0.00047399,           0.0043867,           0.0043867,           0.0043867
                 569,            0.028276,           0.0044598,          0.00099637,             0.96773,             0.92096,              0.9501,             0.52623,            0.018699,           0.0036784,          0.00046543,           0.0043768,           0.0043768,           0.0043768
                 570,            0.024428,           0.0046015,            0.001069,             0.94997,             0.91834,              0.9484,             0.51799,            0.019533,           0.0036902,          0.00048028,           0.0043669,           0.0043669,           0.0043669
                 571,             0.02797,           0.0048385,           0.0012349,             0.96106,             0.91387,             0.95175,             0.51415,            0.019412,           0.0037054,           0.0004892,            0.004357,            0.004357,            0.004357
                 572,            0.025316,           0.0048005,           0.0013047,             0.95213,             0.92382,             0.95186,             0.49105,            0.019915,           0.0037063,          0.00044456,           0.0043471,           0.0043471,           0.0043471
                 573,             0.02377,           0.0045168,          0.00057933,             0.94151,               0.926,             0.94928,             0.51915,            0.019308,           0.0036891,          0.00041811,           0.0043372,           0.0043372,           0.0043372
                 574,            0.023287,            0.005107,          0.00085158,             0.94503,             0.93203,              0.9534,             0.52915,            0.018696,           0.0036673,          0.00041353,           0.0043273,           0.0043273,           0.0043273
                 575,            0.025926,           0.0038729,           0.0013338,             0.94528,              0.9181,             0.94747,             0.52731,            0.019074,           0.0036607,          0.00044274,           0.0043174,           0.0043174,           0.0043174
                 576,            0.026517,           0.0042289,           0.0011474,             0.95369,             0.91937,             0.95077,             0.50283,            0.019959,           0.0037121,          0.00046042,           0.0043075,           0.0043075,           0.0043075
                 577,            0.028886,           0.0040889,           0.0014165,             0.94916,             0.91366,             0.95179,             0.51478,            0.019102,           0.0037178,          0.00045858,           0.0042976,           0.0042976,           0.0042976
                 578,            0.025624,           0.0054153,            0.001353,             0.96687,             0.92626,             0.96132,             0.53151,            0.018575,           0.0037057,          0.00045067,           0.0042877,           0.0042877,           0.0042877
                 579,            0.025891,           0.0043926,           0.0014744,             0.95055,             0.92945,             0.95392,             0.53043,            0.018936,           0.0037059,          0.00043388,           0.0042778,           0.0042778,           0.0042778
                 580,            0.026563,           0.0042138,           0.0014597,             0.95916,             0.92285,             0.95294,             0.53299,             0.01946,           0.0037217,          0.00043061,           0.0042679,           0.0042679,           0.0042679
                 581,             0.02868,           0.0044431,           0.0013896,             0.96458,             0.92856,             0.95728,             0.52684,            0.018553,           0.0037071,          0.00043223,            0.004258,            0.004258,            0.004258
                 582,             0.02511,           0.0045032,           0.0010049,             0.96768,             0.91545,             0.95604,             0.52144,            0.019371,            0.003692,          0.00043937,           0.0042481,           0.0042481,           0.0042481
                 583,            0.029177,           0.0046269,           0.0011104,             0.96832,             0.91523,             0.95339,             0.51994,            0.019755,           0.0037043,          0.00045366,           0.0042382,           0.0042382,           0.0042382
                 584,              0.0215,           0.0043421,          0.00072311,             0.96904,             0.91996,             0.95329,             0.51716,            0.019331,           0.0036847,          0.00045216,           0.0042283,           0.0042283,           0.0042283
                 585,            0.025685,           0.0041896,           0.0010803,             0.96401,             0.92481,             0.95687,              0.5182,            0.018708,           0.0036828,          0.00044653,           0.0042184,           0.0042184,           0.0042184
                 586,            0.026694,           0.0044776,           0.0011033,             0.95211,             0.92151,              0.9548,             0.51961,              0.0195,           0.0036895,          0.00045265,           0.0042085,           0.0042085,           0.0042085
                 587,            0.027851,           0.0043289,           0.0012474,             0.96539,             0.92816,             0.96123,             0.53056,            0.019243,           0.0036765,           0.0004502,           0.0041986,           0.0041986,           0.0041986
                 588,            0.023667,           0.0041078,          0.00081571,              0.9498,             0.93645,             0.95972,             0.53134,            0.019512,           0.0036687,          0.00045251,           0.0041887,           0.0041887,           0.0041887
                 589,            0.029353,             0.00466,           0.0015949,             0.96543,             0.92283,             0.95766,              0.5335,             0.01923,           0.0036502,          0.00047419,           0.0041788,           0.0041788,           0.0041788
                 590,            0.026155,           0.0042747,          0.00091241,             0.96772,             0.93112,             0.95864,             0.52783,            0.018467,           0.0036429,          0.00049541,           0.0041689,           0.0041689,           0.0041689
                 591,            0.027228,           0.0048216,           0.0014567,             0.96089,             0.93217,              0.9557,             0.53257,            0.019014,           0.0036356,          0.00049249,            0.004159,            0.004159,            0.004159
                 592,             0.02648,            0.004512,           0.0008175,             0.94991,             0.94474,             0.95896,             0.53142,            0.018374,           0.0036312,          0.00048114,           0.0041491,           0.0041491,           0.0041491
                 593,            0.024507,           0.0045662,           0.0016616,             0.94394,             0.94668,             0.95693,             0.52113,            0.019323,           0.0036619,          0.00047941,           0.0041392,           0.0041392,           0.0041392
                 594,            0.025445,           0.0043642,          0.00084718,             0.94459,             0.95063,             0.95876,             0.54272,            0.020056,           0.0036287,           0.0004782,           0.0041293,           0.0041293,           0.0041293
                 595,            0.027181,           0.0043792,           0.0016999,             0.94979,             0.95324,             0.96062,             0.54639,            0.019467,           0.0036352,          0.00045961,           0.0041194,           0.0041194,           0.0041194
                 596,            0.027683,            0.004478,           0.0011429,             0.96946,             0.95533,             0.97445,             0.54578,            0.018892,           0.0036234,          0.00043996,           0.0041095,           0.0041095,           0.0041095
                 597,            0.025272,           0.0039088,           0.0014591,             0.97055,             0.94254,             0.96963,             0.54286,            0.018887,           0.0036242,          0.00042838,           0.0040996,           0.0040996,           0.0040996
                 598,            0.026273,            0.004081,           0.0014988,             0.96396,             0.94826,             0.96985,             0.54158,            0.018676,           0.0036026,          0.00042728,           0.0040897,           0.0040897,           0.0040897
                 599,            0.027594,           0.0048229,           0.0011077,              0.9596,             0.96127,             0.97014,             0.54676,            0.018392,           0.0035732,           0.0004429,           0.0040798,           0.0040798,           0.0040798
                 600,            0.024141,           0.0043431,           0.0012545,             0.94966,              0.9531,             0.96235,             0.54875,            0.018303,            0.003562,          0.00044202,           0.0040699,           0.0040699,           0.0040699
                 601,            0.024248,           0.0044361,            0.000968,             0.95626,             0.95682,             0.96394,             0.54987,            0.018474,           0.0035777,          0.00043159,             0.00406,             0.00406,             0.00406
                 602,            0.028876,            0.004649,           0.0013506,              0.9489,             0.95366,             0.96273,             0.54886,            0.019598,           0.0035695,          0.00040894,           0.0040501,           0.0040501,           0.0040501
                 603,            0.025874,           0.0044395,           0.0015868,             0.94796,             0.95359,             0.95878,             0.54437,            0.018683,           0.0035847,           0.0003871,           0.0040402,           0.0040402,           0.0040402
                 604,            0.027445,           0.0047282,           0.0012829,              0.9598,             0.94957,             0.96384,             0.55043,            0.018057,           0.0036014,          0.00037536,           0.0040303,           0.0040303,           0.0040303
                 605,             0.02542,           0.0040795,           0.0011385,             0.96483,             0.94905,             0.96662,             0.55133,            0.018337,           0.0035989,           0.0003639,           0.0040204,           0.0040204,           0.0040204
                 606,            0.028607,           0.0045118,           0.0011311,             0.95703,              0.9454,             0.95964,             0.54966,            0.018695,           0.0036011,          0.00035692,           0.0040105,           0.0040105,           0.0040105
                 607,            0.025144,           0.0043006,            0.001369,             0.95923,             0.95106,             0.96097,              0.5473,            0.019636,           0.0035744,          0.00036184,           0.0040006,           0.0040006,           0.0040006
                 608,            0.028121,           0.0044895,           0.0010604,             0.97414,             0.93724,             0.96639,             0.54972,            0.019354,           0.0035747,          0.00035821,           0.0039907,           0.0039907,           0.0039907
                 609,            0.026678,           0.0041406,           0.0012313,             0.97892,             0.93071,             0.96555,             0.54608,            0.018956,           0.0035808,          0.00035936,           0.0039808,           0.0039808,           0.0039808
                 610,            0.025458,           0.0044916,           0.0014919,             0.97109,             0.94472,             0.96208,             0.53641,            0.019581,            0.003568,          0.00037274,           0.0039709,           0.0039709,           0.0039709
                 611,            0.024816,           0.0050618,           0.0010697,             0.96372,             0.94334,             0.95984,             0.54301,            0.018771,           0.0035511,           0.0003951,            0.003961,            0.003961,            0.003961
                 612,            0.024418,           0.0046701,          0.00083189,             0.96363,             0.94334,             0.96207,             0.53237,            0.018326,           0.0035536,          0.00040614,           0.0039511,           0.0039511,           0.0039511
                 613,            0.026686,           0.0041152,          0.00094443,              0.9675,             0.93495,             0.96084,             0.55463,            0.017686,           0.0035067,          0.00040352,           0.0039412,           0.0039412,           0.0039412
                 614,            0.025632,           0.0044523,           0.0013167,             0.96446,             0.95198,             0.96158,             0.54696,            0.017634,           0.0035072,           0.0004103,           0.0039313,           0.0039313,           0.0039313
                 615,            0.026981,           0.0047521,           0.0015242,             0.96628,             0.94439,             0.95721,             0.54407,            0.018832,           0.0035095,          0.00041687,           0.0039214,           0.0039214,           0.0039214
                 616,            0.030227,            0.004699,           0.0013878,             0.96104,              0.9393,             0.96168,             0.54485,            0.020275,           0.0034975,           0.0004274,           0.0039115,           0.0039115,           0.0039115
                 617,            0.023754,           0.0043656,            0.001198,             0.96898,             0.93728,             0.95816,             0.55159,            0.019639,           0.0034884,          0.00042325,           0.0039016,           0.0039016,           0.0039016
                 618,            0.026775,           0.0041361,           0.0011539,             0.96469,             0.95191,             0.96752,             0.54891,             0.01919,           0.0034988,          0.00042286,           0.0038917,           0.0038917,           0.0038917
                 619,            0.026192,           0.0041599,           0.0010688,             0.96424,             0.95701,             0.96918,             0.54985,            0.018203,           0.0034959,           0.0004143,           0.0038818,           0.0038818,           0.0038818
                 620,            0.026458,           0.0045347,          0.00085613,             0.96468,             0.95371,             0.96935,              0.5658,            0.017546,           0.0034883,          0.00040278,           0.0038719,           0.0038719,           0.0038719
                 621,            0.025844,           0.0049379,           0.0018941,              0.9745,             0.93604,             0.96935,             0.57268,            0.017199,           0.0035062,          0.00038918,            0.003862,            0.003862,            0.003862
                 622,             0.02689,           0.0042596,          0.00086776,             0.95787,             0.94461,             0.96845,             0.56901,            0.017249,           0.0035174,          0.00037529,           0.0038521,           0.0038521,           0.0038521
                 623,            0.027736,            0.004378,           0.0014066,             0.96357,             0.93445,             0.96651,             0.55192,            0.018155,           0.0035753,          0.00036739,           0.0038422,           0.0038422,           0.0038422
                 624,            0.027018,           0.0051773,          0.00092366,             0.95332,             0.93315,             0.96341,              0.5569,             0.01809,           0.0035694,          0.00037004,           0.0038323,           0.0038323,           0.0038323
                 625,             0.02805,           0.0048112,           0.0013289,             0.94793,             0.94154,             0.96282,             0.57064,            0.017862,            0.003566,          0.00037066,           0.0038224,           0.0038224,           0.0038224
                 626,            0.026553,           0.0044587,           0.0014401,             0.96064,             0.93959,             0.96284,             0.57898,            0.018279,           0.0035534,          0.00036788,           0.0038125,           0.0038125,           0.0038125
                 627,            0.026016,           0.0040354,           0.0012067,             0.96369,             0.95026,             0.96822,             0.56111,             0.01853,           0.0035343,          0.00037225,           0.0038026,           0.0038026,           0.0038026
                 628,            0.025187,            0.004728,           0.0012511,             0.97202,             0.94684,             0.97205,             0.56833,            0.017798,           0.0035168,          0.00037053,           0.0037927,           0.0037927,           0.0037927
                 629,            0.026393,           0.0042646,           0.0012224,             0.96339,             0.94661,             0.96566,             0.56887,            0.016693,           0.0035333,          0.00036819,           0.0037828,           0.0037828,           0.0037828
                 630,            0.025333,            0.004497,           0.0011264,             0.96676,             0.93491,              0.9647,             0.56118,            0.016712,           0.0035423,          0.00036772,           0.0037729,           0.0037729,           0.0037729
                 631,            0.025114,           0.0046001,           0.0008877,             0.96897,             0.94891,             0.96628,             0.56215,            0.016571,           0.0035426,          0.00035436,            0.003763,            0.003763,            0.003763
                 632,            0.025207,           0.0042771,           0.0010793,             0.95643,             0.94599,             0.96166,             0.55832,             0.01677,           0.0035397,          0.00034321,           0.0037531,           0.0037531,           0.0037531
                 633,            0.023498,            0.003933,          0.00066618,             0.95867,             0.93753,             0.95696,             0.55184,            0.018036,           0.0035357,          0.00033898,           0.0037432,           0.0037432,           0.0037432
                 634,             0.02605,           0.0044457,           0.0015493,             0.96282,             0.94348,             0.96203,             0.55338,            0.018216,           0.0035251,          0.00034393,           0.0037333,           0.0037333,           0.0037333
                 635,            0.025328,           0.0047719,           0.0012668,             0.97137,             0.95112,              0.9678,             0.55981,            0.017594,           0.0035096,            0.000356,           0.0037234,           0.0037234,           0.0037234
                 636,            0.026003,           0.0044632,           0.0012774,             0.97428,                0.94,             0.96652,             0.56293,            0.017562,           0.0035051,          0.00038189,           0.0037135,           0.0037135,           0.0037135
                 637,            0.025278,           0.0043312,           0.0013491,             0.97063,             0.93409,             0.96158,             0.56272,            0.018723,           0.0034951,          0.00040231,           0.0037036,           0.0037036,           0.0037036
                 638,              0.0291,           0.0045677,          0.00086948,             0.95722,             0.94822,             0.96127,             0.56146,            0.018796,           0.0035039,          0.00042553,           0.0036937,           0.0036937,           0.0036937
                 639,            0.025766,            0.004296,           0.0013491,             0.95674,             0.94944,              0.9618,             0.56425,            0.018368,           0.0034909,          0.00046079,           0.0036838,           0.0036838,           0.0036838
                 640,            0.025655,           0.0043464,           0.0015606,             0.95411,             0.95032,             0.96106,             0.56666,            0.017595,           0.0035091,          0.00046608,           0.0036739,           0.0036739,           0.0036739
                 641,            0.024727,           0.0043415,           0.0010361,             0.95678,             0.94961,             0.96374,             0.55971,            0.018773,           0.0035181,          0.00046435,            0.003664,            0.003664,            0.003664
                 642,             0.02871,           0.0045843,           0.0012519,             0.95726,             0.95318,             0.96604,             0.56774,            0.017979,           0.0035014,           0.0004576,           0.0036541,           0.0036541,           0.0036541
                 643,            0.026087,           0.0048475,           0.0010757,             0.96083,              0.9484,             0.96645,             0.56185,            0.017824,           0.0035263,          0.00042858,           0.0036442,           0.0036442,           0.0036442
                 644,            0.025103,           0.0039623,           0.0012707,             0.95699,             0.94843,             0.96502,             0.56625,            0.017475,           0.0035281,          0.00041245,           0.0036343,           0.0036343,           0.0036343
                 645,            0.027891,           0.0041256,           0.0015142,             0.96281,             0.94466,             0.96445,             0.57211,            0.017632,           0.0035202,          0.00040343,           0.0036244,           0.0036244,           0.0036244
                 646,            0.024943,           0.0043688,           0.0013539,             0.95393,             0.93422,             0.95807,             0.56654,            0.018428,           0.0035339,          0.00040288,           0.0036145,           0.0036145,           0.0036145
                 647,            0.025803,           0.0040455,          0.00085689,             0.96035,             0.94382,             0.95898,             0.56857,            0.017917,            0.003509,          0.00039053,           0.0036046,           0.0036046,           0.0036046
                 648,            0.028787,           0.0047471,           0.0012054,             0.95734,             0.94441,             0.96198,             0.56878,            0.017203,           0.0034888,           0.0003741,           0.0035947,           0.0035947,           0.0035947
                 649,            0.027915,           0.0043905,          0.00096986,             0.96184,             0.94543,             0.96278,             0.57552,            0.017249,           0.0034719,          0.00035319,           0.0035848,           0.0035848,           0.0035848
                 650,             0.02375,           0.0037086,          0.00097988,             0.96499,             0.94475,             0.96297,             0.58341,            0.017085,           0.0034792,           0.0003439,           0.0035749,           0.0035749,           0.0035749
                 651,            0.026767,           0.0044849,            0.001089,             0.96606,             0.94794,             0.96314,             0.58007,            0.016702,           0.0034669,          0.00033082,            0.003565,            0.003565,            0.003565
                 652,            0.026764,              0.0046,          0.00087474,             0.95944,             0.95407,             0.96349,             0.58541,            0.016949,           0.0034557,          0.00032506,           0.0035551,           0.0035551,           0.0035551
                 653,            0.023245,           0.0041763,          0.00091823,             0.97589,             0.95734,             0.97205,             0.58091,            0.017428,           0.0034667,          0.00032145,           0.0035452,           0.0035452,           0.0035452
                 654,             0.02303,           0.0042608,          0.00070338,             0.97492,             0.95069,             0.96753,             0.58408,            0.017176,           0.0034617,          0.00031497,           0.0035353,           0.0035353,           0.0035353
                 655,            0.023748,            0.004611,          0.00096248,             0.97956,             0.94821,             0.96722,             0.57559,            0.017159,            0.003484,          0.00030999,           0.0035254,           0.0035254,           0.0035254
                 656,            0.023345,           0.0040878,          0.00067732,             0.97862,             0.95232,             0.97137,             0.57569,            0.016788,           0.0034883,          0.00030697,           0.0035155,           0.0035155,           0.0035155
                 657,            0.021772,           0.0040646,           0.0011087,             0.97254,             0.95072,             0.97074,             0.57295,            0.016499,           0.0034876,          0.00030894,           0.0035056,           0.0035056,           0.0035056
                 658,            0.022493,           0.0043126,           0.0010396,             0.97238,             0.94747,             0.96903,             0.57396,            0.016418,           0.0034971,           0.0003147,           0.0034957,           0.0034957,           0.0034957
                 659,            0.024168,           0.0049449,           0.0010248,             0.97303,              0.9494,             0.96831,             0.58291,            0.016509,           0.0034892,          0.00032385,           0.0034858,           0.0034858,           0.0034858
                 660,            0.021703,           0.0041188,          0.00092308,             0.97132,             0.95072,             0.96878,             0.58406,            0.016671,           0.0034828,          0.00031896,           0.0034759,           0.0034759,           0.0034759
                 661,             0.02573,           0.0044664,           0.0012462,             0.96725,             0.95459,             0.96644,             0.58581,            0.016143,            0.003473,          0.00031291,            0.003466,            0.003466,            0.003466
                 662,            0.024149,           0.0042309,          0.00084453,              0.9695,             0.95384,             0.96662,             0.57185,             0.01618,           0.0034864,          0.00030962,           0.0034561,           0.0034561,           0.0034561
                 663,             0.02529,            0.004352,          0.00086032,             0.96568,             0.95969,             0.96989,             0.58133,            0.016014,           0.0034882,          0.00030083,           0.0034462,           0.0034462,           0.0034462
                 664,            0.022997,           0.0046178,           0.0012298,             0.96852,             0.95683,             0.97049,             0.58976,            0.016596,           0.0034836,          0.00030509,           0.0034363,           0.0034363,           0.0034363
                 665,            0.023555,           0.0042307,          0.00094842,             0.96748,             0.94667,              0.9658,              0.5899,            0.015561,           0.0034699,           0.0003116,           0.0034264,           0.0034264,           0.0034264
                 666,            0.025103,           0.0047869,          0.00092777,             0.97835,              0.9431,             0.96776,             0.59054,            0.015579,           0.0034613,          0.00031645,           0.0034165,           0.0034165,           0.0034165
                 667,            0.023688,           0.0044636,           0.0012962,             0.97275,              0.9444,             0.96999,             0.58326,            0.016675,           0.0034703,          0.00032021,           0.0034066,           0.0034066,           0.0034066
                 668,            0.025498,           0.0042124,           0.0012321,             0.96636,             0.94826,             0.96948,             0.56826,            0.016168,            0.003478,          0.00031801,           0.0033967,           0.0033967,           0.0033967
                 669,            0.023552,           0.0045597,          0.00060361,             0.97485,             0.94353,             0.96957,             0.57366,            0.015823,           0.0034736,          0.00031499,           0.0033868,           0.0033868,           0.0033868
                 670,            0.026132,           0.0046799,           0.0011536,             0.97341,               0.948,             0.96981,             0.57681,            0.015355,           0.0034519,          0.00031386,           0.0033769,           0.0033769,           0.0033769
                 671,            0.023568,           0.0045008,          0.00088014,             0.96937,             0.95518,             0.97105,             0.58425,             0.01609,           0.0034351,          0.00032502,            0.003367,            0.003367,            0.003367
                 672,            0.026203,           0.0046324,           0.0012297,              0.9705,             0.95397,             0.97469,             0.58472,            0.015483,           0.0034439,          0.00033153,           0.0033571,           0.0033571,           0.0033571
                 673,            0.026275,           0.0043128,           0.0010105,             0.97584,             0.95762,              0.9748,             0.58143,            0.016274,           0.0034521,           0.0003369,           0.0033472,           0.0033472,           0.0033472
                 674,            0.026507,           0.0042111,            0.001072,             0.96571,             0.95525,             0.96877,             0.57043,            0.016857,           0.0034759,          0.00034619,           0.0033373,           0.0033373,           0.0033373
                 675,            0.024177,           0.0040313,           0.0013748,             0.96603,             0.94922,             0.96619,             0.57417,            0.016357,           0.0034904,          0.00036067,           0.0033274,           0.0033274,           0.0033274
                 676,            0.020829,           0.0038054,           0.0011149,             0.97009,             0.95382,             0.96856,             0.58146,            0.016454,            0.003469,           0.0003574,           0.0033175,           0.0033175,           0.0033175
                 677,            0.026643,           0.0046349,           0.0010403,             0.96765,             0.95561,             0.96957,              0.5884,            0.016736,            0.003467,          0.00036618,           0.0033076,           0.0033076,           0.0033076
                 678,            0.024665,           0.0039037,          0.00092344,             0.96192,             0.95032,             0.96818,             0.57999,            0.017653,           0.0034772,          0.00037807,           0.0032977,           0.0032977,           0.0032977
                 679,            0.025911,           0.0044432,           0.0018331,             0.96844,             0.93889,             0.96461,             0.57246,            0.017772,           0.0034978,          0.00039125,           0.0032878,           0.0032878,           0.0032878
                 680,            0.024382,           0.0042025,          0.00097382,             0.97229,             0.93868,             0.96391,             0.56906,            0.016879,           0.0035022,          0.00040104,           0.0032779,           0.0032779,           0.0032779
                 681,            0.024502,           0.0037478,          0.00089042,              0.9649,             0.93891,              0.9649,             0.56968,            0.017348,           0.0035119,          0.00041259,            0.003268,            0.003268,            0.003268
                 682,             0.02396,           0.0041295,           0.0011209,             0.96532,             0.95079,             0.96899,             0.57282,             0.01762,           0.0035021,          0.00042497,           0.0032581,           0.0032581,           0.0032581
                 683,            0.024198,           0.0039169,           0.0010993,              0.9755,             0.93604,             0.96944,             0.57104,            0.017188,            0.003514,          0.00044987,           0.0032482,           0.0032482,           0.0032482
                 684,            0.023058,           0.0042402,           0.0010355,             0.96655,             0.94223,              0.9621,              0.5726,            0.016469,           0.0035236,          0.00045083,           0.0032383,           0.0032383,           0.0032383
                 685,            0.025428,           0.0043386,           0.0011196,             0.96279,             0.95407,             0.96232,             0.57094,            0.017423,           0.0035235,          0.00043485,           0.0032284,           0.0032284,           0.0032284
                 686,            0.024055,           0.0045275,           0.0011071,             0.95664,             0.95397,             0.96041,             0.57634,            0.018217,           0.0034901,          0.00041795,           0.0032185,           0.0032185,           0.0032185
                 687,            0.027944,             0.00435,           0.0012108,             0.95648,             0.95383,             0.96356,             0.59052,            0.017748,           0.0034836,          0.00042443,           0.0032086,           0.0032086,           0.0032086
                 688,             0.02271,           0.0042302,          0.00080312,             0.96626,             0.95546,             0.96759,             0.58563,            0.016606,            0.003502,          0.00042243,           0.0031987,           0.0031987,           0.0031987
                 689,            0.020524,           0.0038713,          0.00097206,             0.96371,             0.95369,             0.96743,             0.58599,            0.015469,           0.0034801,          0.00041372,           0.0031888,           0.0031888,           0.0031888
                 690,            0.025372,           0.0044279,           0.0011378,             0.96001,             0.95358,             0.96705,             0.58575,            0.016146,           0.0035036,          0.00039699,           0.0031789,           0.0031789,           0.0031789
                 691,            0.023644,           0.0041809,           0.0010916,              0.9636,             0.95029,             0.96469,             0.58281,            0.016395,           0.0035019,          0.00037848,            0.003169,            0.003169,            0.003169
                 692,            0.019725,           0.0044116,           0.0010041,             0.95534,              0.9489,             0.96271,              0.5903,            0.016271,           0.0034908,          0.00037131,           0.0031591,           0.0031591,           0.0031591
                 693,            0.025012,           0.0043368,           0.0010974,             0.95886,             0.94642,             0.95995,             0.58326,            0.016861,           0.0034861,          0.00036612,           0.0031492,           0.0031492,           0.0031492
                 694,            0.024446,           0.0040595,          0.00085682,             0.95999,             0.94461,             0.96444,             0.58257,            0.016741,           0.0034947,          0.00035979,           0.0031393,           0.0031393,           0.0031393
                 695,             0.02467,           0.0045055,           0.0011952,             0.95993,             0.94314,              0.9598,             0.57846,            0.016931,           0.0035124,          0.00034499,           0.0031294,           0.0031294,           0.0031294
                 696,            0.024261,           0.0042686,          0.00084955,             0.95974,             0.94497,             0.95959,             0.57929,            0.017649,           0.0035091,          0.00033473,           0.0031195,           0.0031195,           0.0031195
                 697,            0.026847,           0.0045924,           0.0015548,             0.95732,             0.94292,             0.95958,             0.58073,             0.01737,           0.0034881,          0.00032919,           0.0031096,           0.0031096,           0.0031096
                 698,             0.02441,           0.0040585,          0.00082476,             0.95167,             0.94955,             0.96587,             0.57538,            0.017061,           0.0034648,          0.00031816,           0.0030997,           0.0030997,           0.0030997
                 699,            0.023749,           0.0043372,          0.00075255,             0.94588,             0.95191,             0.96518,             0.56327,            0.017014,           0.0034527,          0.00030252,           0.0030898,           0.0030898,           0.0030898
                 700,             0.02343,           0.0042847,          0.00096769,             0.94562,             0.95121,             0.96226,              0.5678,            0.017038,           0.0034595,          0.00029015,           0.0030799,           0.0030799,           0.0030799
                 701,            0.029471,           0.0042851,           0.0013833,             0.94598,             0.95651,             0.96584,             0.55859,            0.017866,            0.003466,          0.00028109,             0.00307,             0.00307,             0.00307
                 702,            0.024661,           0.0043138,            0.001005,             0.94805,             0.96065,              0.9676,             0.57926,            0.017716,           0.0034382,          0.00026906,           0.0030601,           0.0030601,           0.0030601
                 703,            0.027844,           0.0040524,           0.0015396,             0.96685,              0.9313,             0.96551,             0.57834,            0.018245,           0.0034398,          0.00026329,           0.0030502,           0.0030502,           0.0030502
                 704,            0.024098,           0.0038357,           0.0010693,              0.9531,             0.94405,             0.96459,             0.58103,            0.017324,           0.0034488,          0.00025931,           0.0030403,           0.0030403,           0.0030403
                 705,            0.023155,           0.0042842,          0.00078539,             0.96089,             0.95135,             0.97055,             0.56008,            0.018166,           0.0034681,          0.00026376,           0.0030304,           0.0030304,           0.0030304
                 706,            0.021567,           0.0043051,          0.00077932,             0.95642,             0.94817,             0.96654,             0.58301,            0.017783,           0.0034314,          0.00026996,           0.0030205,           0.0030205,           0.0030205
                 707,            0.023529,           0.0044618,          0.00096513,             0.95779,             0.95139,             0.97098,             0.58681,            0.017344,           0.0034395,          0.00029051,           0.0030106,           0.0030106,           0.0030106
                 708,            0.023886,           0.0042724,            0.001172,             0.95784,             0.95258,             0.97193,             0.58185,            0.017013,           0.0034509,          0.00031952,           0.0030007,           0.0030007,           0.0030007
                 709,            0.023605,           0.0044031,           0.0012101,             0.94788,             0.95711,             0.96935,             0.58239,            0.016651,           0.0034351,          0.00034447,           0.0029908,           0.0029908,           0.0029908
                 710,            0.024795,           0.0042839,           0.0027006,             0.97393,             0.93455,              0.9698,             0.58903,            0.017309,           0.0034312,           0.0003603,           0.0029809,           0.0029809,           0.0029809
                 711,            0.023486,           0.0040565,          0.00063002,             0.97153,              0.9397,             0.96657,             0.58895,            0.016884,           0.0034402,          0.00036015,            0.002971,            0.002971,            0.002971
                 712,            0.020963,            0.003657,          0.00081204,             0.96527,             0.93889,             0.96602,             0.59115,            0.017043,           0.0034112,          0.00035136,           0.0029611,           0.0029611,           0.0029611
                 713,             0.02338,           0.0038992,           0.0010843,             0.96754,             0.94175,             0.96945,             0.60011,            0.018114,           0.0034015,          0.00034815,           0.0029512,           0.0029512,           0.0029512
                 714,            0.024651,           0.0044675,           0.0011439,             0.96603,             0.94747,             0.97351,             0.59243,            0.017831,           0.0034042,          0.00035074,           0.0029413,           0.0029413,           0.0029413
                 715,            0.025591,           0.0042083,            0.000946,             0.96521,             0.95151,             0.97368,             0.59673,              0.0179,           0.0034148,          0.00036275,           0.0029314,           0.0029314,           0.0029314
                 716,            0.024265,           0.0039339,           0.0010403,             0.96805,             0.94695,             0.97421,              0.5989,            0.017365,           0.0034387,           0.0003624,           0.0029215,           0.0029215,           0.0029215
                 717,            0.021657,           0.0043653,          0.00091449,             0.96461,             0.95072,             0.97364,             0.60146,             0.01724,           0.0034708,          0.00036912,           0.0029116,           0.0029116,           0.0029116
                 718,            0.024924,           0.0042845,          0.00095726,             0.95777,             0.94747,             0.97016,             0.60009,             0.01659,           0.0034926,          0.00037878,           0.0029017,           0.0029017,           0.0029017
                 719,            0.024768,            0.004371,          0.00092698,             0.95607,             0.94747,             0.96991,             0.60057,            0.016901,             0.00351,          0.00037744,           0.0028918,           0.0028918,           0.0028918
                 720,            0.024126,           0.0047105,           0.0015568,             0.95831,             0.94927,             0.97158,             0.59316,            0.016372,           0.0034964,          0.00035541,           0.0028819,           0.0028819,           0.0028819
                 721,             0.02254,           0.0043679,          0.00078162,             0.95783,             0.94528,             0.97048,              0.5972,            0.016781,           0.0034798,          0.00033272,            0.002872,            0.002872,            0.002872
                 722,            0.022639,           0.0039336,           0.0010348,              0.9635,             0.93984,             0.96902,             0.59691,            0.017602,           0.0034786,          0.00032141,           0.0028621,           0.0028621,           0.0028621
                 723,            0.025527,           0.0044955,           0.0015553,             0.96871,             0.93684,             0.97069,             0.59823,            0.017591,           0.0034686,          0.00030551,           0.0028522,           0.0028522,           0.0028522
                 724,            0.021943,           0.0037604,           0.0010171,              0.9707,              0.9396,             0.97051,             0.60043,            0.017099,           0.0034777,          0.00030354,           0.0028423,           0.0028423,           0.0028423
                 725,            0.025854,           0.0042906,          0.00088891,              0.9473,             0.94962,             0.96643,             0.59224,            0.017022,            0.003499,          0.00030549,           0.0028324,           0.0028324,           0.0028324
                 726,            0.027419,           0.0039595,           0.0014499,             0.96571,             0.93465,             0.96935,             0.59367,            0.016677,           0.0035264,          0.00031054,           0.0028225,           0.0028225,           0.0028225
                 727,            0.024504,           0.0045455,           0.0014196,             0.97215,             0.93373,             0.96852,             0.59622,            0.016304,           0.0035076,          0.00030895,           0.0028126,           0.0028126,           0.0028126
                 728,            0.026403,           0.0040829,           0.0019702,             0.96187,             0.94867,              0.9693,              0.6041,            0.015775,           0.0034698,          0.00030687,           0.0028027,           0.0028027,           0.0028027
                 729,            0.024363,           0.0043225,           0.0016037,             0.95881,             0.95397,             0.96902,              0.6032,            0.015576,           0.0034376,          0.00030507,           0.0027928,           0.0027928,           0.0027928
                 730,            0.021304,           0.0038949,            0.001252,             0.95866,             0.96076,             0.97274,             0.60279,             0.01551,           0.0034246,          0.00030233,           0.0027829,           0.0027829,           0.0027829
                 731,            0.022775,           0.0041942,           0.0014224,             0.95964,             0.96048,             0.96786,             0.60108,            0.016372,           0.0034267,          0.00030281,            0.002773,            0.002773,            0.002773
                 732,            0.022516,           0.0035382,          0.00072463,              0.9604,             0.96334,             0.97035,             0.59858,            0.015575,           0.0034333,          0.00030746,           0.0027631,           0.0027631,           0.0027631
                 733,            0.025224,           0.0044153,            0.001396,             0.96171,             0.96048,             0.97053,             0.59444,            0.015781,           0.0034297,          0.00031407,           0.0027532,           0.0027532,           0.0027532
                 734,            0.022533,           0.0045429,           0.0010972,             0.96778,             0.96447,             0.97345,             0.59793,            0.016305,           0.0034237,          0.00032273,           0.0027433,           0.0027433,           0.0027433
                 735,            0.026281,           0.0039404,          0.00090638,             0.96103,             0.95325,             0.97122,             0.60173,            0.015661,           0.0034359,          0.00033721,           0.0027334,           0.0027334,           0.0027334
                 736,            0.021608,           0.0042263,           0.0010709,             0.95589,             0.95346,             0.97154,             0.59826,            0.015768,           0.0034283,          0.00034504,           0.0027235,           0.0027235,           0.0027235
                 737,            0.025167,           0.0044512,           0.0012889,               0.954,             0.96413,             0.97174,              0.5993,            0.016628,           0.0034081,          0.00035018,           0.0027136,           0.0027136,           0.0027136
                 738,            0.024606,           0.0040792,           0.0010528,             0.95665,             0.96048,             0.97679,             0.59682,            0.016946,            0.003403,          0.00035423,           0.0027037,           0.0027037,           0.0027037
                 739,            0.024681,           0.0044104,           0.0011687,             0.96199,               0.966,             0.97451,             0.60012,            0.017494,           0.0033801,          0.00036031,           0.0026938,           0.0026938,           0.0026938
                 740,            0.021287,           0.0038375,          0.00090338,             0.96426,             0.96607,             0.97457,             0.60628,            0.016919,           0.0033685,          0.00036262,           0.0026839,           0.0026839,           0.0026839
                 741,            0.022288,           0.0044415,          0.00095728,             0.96301,             0.96352,             0.97126,             0.60004,            0.015982,           0.0033829,           0.0003576,            0.002674,            0.002674,            0.002674
                 742,            0.023174,           0.0047696,           0.0007462,              0.9604,             0.95721,              0.9687,             0.59646,            0.016305,           0.0033797,          0.00035373,           0.0026641,           0.0026641,           0.0026641
                 743,            0.023068,           0.0037465,           0.0008398,             0.96537,             0.96043,             0.97485,             0.58845,            0.016528,           0.0033858,           0.0003533,           0.0026542,           0.0026542,           0.0026542
                 744,            0.023502,           0.0041134,           0.0010517,             0.96296,             0.95483,             0.96818,             0.59816,            0.016302,           0.0033772,          0.00035891,           0.0026443,           0.0026443,           0.0026443
                 745,             0.02048,           0.0037141,          0.00085546,             0.97213,             0.96213,             0.97128,             0.59637,            0.016894,           0.0034006,          0.00036916,           0.0026344,           0.0026344,           0.0026344
                 746,            0.023237,           0.0040932,           0.0012857,             0.97507,             0.96334,             0.97491,             0.60338,            0.016655,           0.0033966,          0.00037242,           0.0026245,           0.0026245,           0.0026245
                 747,            0.023476,           0.0040672,          0.00066196,              0.9807,             0.96246,             0.97509,             0.59494,            0.016907,           0.0034288,          0.00036993,           0.0026146,           0.0026146,           0.0026146
                 748,            0.021929,            0.004257,           0.0010655,              0.9829,             0.96048,             0.97191,             0.59792,            0.017226,           0.0034233,          0.00036482,           0.0026047,           0.0026047,           0.0026047
                 749,             0.02375,           0.0042396,          0.00098186,             0.97966,             0.95762,             0.96988,             0.59865,            0.016696,           0.0034182,          0.00035542,           0.0025948,           0.0025948,           0.0025948
                 750,            0.023023,           0.0043512,          0.00083146,             0.97707,             0.95762,             0.96968,             0.60219,             0.01644,           0.0034082,          0.00034806,           0.0025849,           0.0025849,           0.0025849
                 751,            0.022471,           0.0038998,          0.00082402,             0.97762,             0.95743,             0.97218,             0.59805,            0.016088,           0.0034025,           0.0003316,            0.002575,            0.002575,            0.002575
                 752,            0.023141,           0.0044744,          0.00074309,              0.9762,             0.95397,             0.97019,             0.60275,            0.015788,           0.0033941,          0.00031579,           0.0025651,           0.0025651,           0.0025651
                 753,             0.02451,           0.0042666,           0.0011964,             0.97556,             0.95397,             0.97002,             0.60457,            0.015716,           0.0033952,           0.0003064,           0.0025552,           0.0025552,           0.0025552
                 754,             0.02514,           0.0042948,          0.00099418,              0.9773,             0.95238,              0.9699,             0.60572,            0.016475,           0.0034012,          0.00029848,           0.0025453,           0.0025453,           0.0025453
                 755,            0.022666,           0.0040249,          0.00063298,             0.97682,               0.959,             0.97392,             0.61064,            0.016311,           0.0034083,          0.00029058,           0.0025354,           0.0025354,           0.0025354
                 756,            0.023282,           0.0043055,           0.0012978,             0.97565,              0.9623,             0.97236,             0.60759,            0.015793,           0.0034093,           0.0002898,           0.0025255,           0.0025255,           0.0025255
                 757,            0.023505,           0.0040757,           0.0011093,              0.9775,             0.96155,             0.97248,             0.61283,            0.015597,           0.0034011,           0.0002904,           0.0025156,           0.0025156,           0.0025156
                 758,             0.02263,           0.0042085,          0.00088477,             0.98189,             0.95969,             0.97394,             0.61366,            0.015251,           0.0033969,          0.00029223,           0.0025057,           0.0025057,           0.0025057
                 759,            0.022604,           0.0041698,          0.00080621,             0.97923,             0.95848,             0.97225,             0.61519,            0.015425,           0.0033676,          0.00029729,           0.0024958,           0.0024958,           0.0024958
                 760,            0.025014,           0.0042367,           0.0013484,             0.98155,              0.9573,             0.97231,              0.6199,            0.015176,           0.0033608,          0.00030014,           0.0024859,           0.0024859,           0.0024859
                 761,            0.021694,           0.0038193,          0.00083359,             0.97995,             0.94944,             0.97114,             0.61826,            0.015044,           0.0033513,          0.00029462,            0.002476,            0.002476,            0.002476
                 762,            0.025103,           0.0041757,           0.0018414,              0.9779,              0.9498,             0.97233,             0.61479,            0.015206,            0.003337,          0.00029003,           0.0024661,           0.0024661,           0.0024661
                 763,            0.023268,           0.0039432,           0.0012566,             0.97853,             0.94861,             0.97264,             0.60642,            0.014823,           0.0033266,          0.00027529,           0.0024562,           0.0024562,           0.0024562
                 764,            0.022122,           0.0043532,          0.00077635,             0.97437,             0.95862,             0.97246,             0.61215,            0.014811,            0.003315,          0.00026508,           0.0024463,           0.0024463,           0.0024463
                 765,            0.021012,           0.0040384,           0.0010299,             0.97472,             0.94252,             0.97097,             0.61574,            0.014921,           0.0033293,          0.00025912,           0.0024364,           0.0024364,           0.0024364
                 766,            0.021245,            0.003801,          0.00084503,             0.97348,             0.95318,             0.97124,              0.6156,            0.015195,           0.0033411,          0.00025572,           0.0024265,           0.0024265,           0.0024265
                 767,            0.020275,           0.0045804,          0.00075458,             0.96675,             0.95422,              0.9691,             0.61029,            0.015927,           0.0033634,          0.00025331,           0.0024166,           0.0024166,           0.0024166
                 768,            0.022923,           0.0042357,          0.00099236,             0.95972,             0.96254,             0.96867,             0.60882,            0.015822,           0.0033772,          0.00025278,           0.0024067,           0.0024067,           0.0024067
                 769,            0.021004,           0.0041974,             0.00107,             0.96233,              0.9634,             0.96816,             0.60435,            0.016061,           0.0033817,          0.00025607,           0.0023968,           0.0023968,           0.0023968
                 770,            0.022565,           0.0037289,          0.00089517,             0.96215,              0.9647,              0.9711,             0.60322,            0.015648,           0.0033811,          0.00025793,           0.0023869,           0.0023869,           0.0023869
                 771,             0.02068,           0.0036725,          0.00077303,             0.96302,             0.96699,              0.9742,             0.60513,            0.015517,           0.0033703,          0.00026036,            0.002377,            0.002377,            0.002377
                 772,            0.024013,           0.0039213,           0.0014533,             0.96095,             0.96699,             0.97114,             0.61519,            0.015301,           0.0033705,           0.0002676,           0.0023671,           0.0023671,           0.0023671
                 773,             0.02007,            0.003941,           0.0010145,             0.95802,             0.96644,             0.97376,             0.61387,            0.015375,           0.0033618,          0.00027453,           0.0023572,           0.0023572,           0.0023572
                 774,            0.019931,            0.003891,          0.00081702,             0.96158,             0.96517,             0.97092,             0.62135,            0.016327,           0.0033418,          0.00028177,           0.0023473,           0.0023473,           0.0023473
                 775,            0.022993,           0.0041165,           0.0010059,             0.95557,              0.9658,             0.97083,             0.62468,             0.01637,           0.0033442,          0.00028771,           0.0023374,           0.0023374,           0.0023374
                 776,            0.022757,           0.0043785,          0.00082549,             0.95468,             0.96575,             0.97089,             0.62639,            0.016004,            0.003349,          0.00029047,           0.0023275,           0.0023275,           0.0023275
                 777,            0.020885,           0.0040986,          0.00066321,             0.95611,             0.96334,             0.97098,             0.61873,            0.015842,           0.0033513,          0.00029282,           0.0023176,           0.0023176,           0.0023176
                 778,            0.021373,           0.0040201,           0.0011598,             0.95179,             0.96048,             0.97126,             0.62027,            0.015664,           0.0033677,          0.00029184,           0.0023077,           0.0023077,           0.0023077
                 779,            0.021807,           0.0041411,           0.0013193,             0.96858,             0.95762,             0.97143,             0.61475,            0.015202,           0.0033708,          0.00028812,           0.0022978,           0.0022978,           0.0022978
                 780,            0.019666,           0.0041487,          0.00063246,             0.97472,             0.95762,             0.97438,               0.623,            0.014756,           0.0033539,          0.00027988,           0.0022879,           0.0022879,           0.0022879
                 781,            0.023638,           0.0047973,           0.0011949,             0.96903,             0.96048,             0.97414,             0.62648,            0.014634,            0.003339,           0.0002713,            0.002278,            0.002278,            0.002278
                 782,            0.019829,            0.003734,          0.00074899,             0.97421,             0.96123,             0.97435,             0.63742,            0.014817,           0.0033356,           0.0002638,           0.0022681,           0.0022681,           0.0022681
                 783,            0.022151,            0.004132,           0.0010715,             0.97721,             0.96233,             0.97533,             0.62476,            0.015308,           0.0033383,          0.00025786,           0.0022582,           0.0022582,           0.0022582
                 784,            0.020528,           0.0036436,           0.0010056,             0.97321,             0.96333,             0.97678,              0.6281,            0.015452,           0.0033425,          0.00025661,           0.0022483,           0.0022483,           0.0022483
                 785,             0.02336,           0.0041828,           0.0012285,              0.9726,             0.96343,             0.97431,             0.62377,            0.015915,           0.0033389,          0.00025728,           0.0022384,           0.0022384,           0.0022384
                 786,            0.021352,           0.0038671,           0.0010851,             0.97683,              0.9639,             0.97642,              0.6259,            0.015819,           0.0033276,          0.00026158,           0.0022285,           0.0022285,           0.0022285
                 787,            0.022966,           0.0045451,           0.0014253,             0.98043,             0.96413,             0.97655,             0.61888,            0.015119,           0.0033393,          0.00027051,           0.0022186,           0.0022186,           0.0022186
                 788,            0.018864,           0.0038012,          0.00086764,             0.97872,             0.96413,             0.97459,             0.61611,            0.015023,           0.0033422,          0.00027375,           0.0022087,           0.0022087,           0.0022087
                 789,              0.0217,           0.0038161,          0.00088527,             0.97467,             0.96699,             0.97469,             0.61914,            0.015126,           0.0033365,          0.00027947,           0.0021988,           0.0021988,           0.0021988
                 790,            0.024897,           0.0042828,           0.0010952,             0.97467,             0.96625,             0.97472,             0.62001,            0.015291,           0.0033387,          0.00028476,           0.0021889,           0.0021889,           0.0021889
                 791,            0.023437,           0.0044219,           0.0012366,             0.97783,             0.96413,             0.97483,              0.6211,            0.015577,           0.0033269,          0.00028844,            0.002179,            0.002179,            0.002179
                 792,            0.022174,           0.0042868,          0.00093804,             0.97936,             0.96778,             0.97911,             0.62348,            0.014532,           0.0033204,           0.0002862,           0.0021691,           0.0021691,           0.0021691
                 793,            0.020854,           0.0044516,          0.00097895,             0.98068,             0.96413,             0.97532,             0.62354,            0.014768,           0.0033134,          0.00028144,           0.0021592,           0.0021592,           0.0021592
                 794,            0.021959,           0.0042153,          0.00089159,             0.97316,             0.96413,             0.97485,             0.61999,            0.015279,            0.003314,          0.00027459,           0.0021493,           0.0021493,           0.0021493
                 795,            0.022662,           0.0039415,           0.0012914,             0.96871,              0.9603,             0.96773,             0.62982,            0.014819,           0.0033053,          0.00026315,           0.0021394,           0.0021394,           0.0021394
                 796,            0.020208,           0.0039338,          0.00057786,             0.97153,             0.96002,             0.97073,             0.62887,             0.01443,           0.0032985,          0.00025611,           0.0021295,           0.0021295,           0.0021295
                 797,            0.025105,           0.0049543,           0.0014927,             0.96887,             0.96065,             0.97023,             0.61731,             0.01451,           0.0032961,          0.00024727,           0.0021196,           0.0021196,           0.0021196
                 798,            0.022412,           0.0042195,          0.00095746,             0.97202,             0.96374,             0.97524,             0.61682,            0.014332,              0.0033,          0.00023971,           0.0021097,           0.0021097,           0.0021097
                 799,            0.022147,           0.0045494,           0.0010044,             0.97404,             0.96228,             0.97513,             0.61706,            0.014972,           0.0032992,          0.00023228,           0.0020998,           0.0020998,           0.0020998
                 800,            0.024257,           0.0040548,            0.001515,             0.97454,             0.96093,             0.97519,             0.62586,            0.014446,           0.0032992,          0.00022991,           0.0020899,           0.0020899,           0.0020899
                 801,            0.021275,           0.0038641,          0.00082128,              0.9744,             0.96158,             0.97505,             0.61944,            0.014492,           0.0033113,          0.00022632,             0.00208,             0.00208,             0.00208
                 802,            0.020426,           0.0036523,          0.00064327,             0.97306,             0.96317,             0.97488,             0.62004,            0.014198,           0.0033053,          0.00022287,           0.0020701,           0.0020701,           0.0020701
                 803,            0.019591,           0.0041089,          0.00078071,             0.97406,             0.96334,             0.97488,             0.62208,            0.014214,           0.0032986,          0.00021991,           0.0020602,           0.0020602,           0.0020602
                 804,            0.022095,           0.0041996,           0.0007987,             0.97395,             0.96334,             0.97479,             0.62811,            0.013934,           0.0032873,          0.00021702,           0.0020503,           0.0020503,           0.0020503
                 805,             0.02232,           0.0040231,          0.00078874,             0.97384,             0.96509,             0.97483,             0.63362,            0.013877,           0.0032915,          0.00021332,           0.0020404,           0.0020404,           0.0020404
                 806,            0.021628,           0.0046266,           0.0011721,             0.97363,             0.96562,             0.97493,             0.63598,              0.0138,           0.0032915,          0.00021055,           0.0020305,           0.0020305,           0.0020305
                 807,            0.019428,           0.0037848,          0.00097933,             0.97751,             0.96571,             0.97509,             0.63299,            0.013505,           0.0032915,          0.00021006,           0.0020206,           0.0020206,           0.0020206
                 808,            0.022274,           0.0043782,           0.0011291,              0.9779,             0.96592,              0.9754,             0.63824,            0.013902,           0.0032874,          0.00021245,           0.0020107,           0.0020107,           0.0020107
                 809,            0.019853,           0.0040523,          0.00054721,              0.9761,             0.96693,              0.9748,             0.63566,            0.014017,           0.0032872,          0.00021639,           0.0020008,           0.0020008,           0.0020008
                 810,            0.021817,           0.0043678,          0.00093546,             0.97652,             0.96315,             0.97505,              0.6389,            0.014049,           0.0032838,          0.00022022,           0.0019909,           0.0019909,           0.0019909
                 811,            0.023329,           0.0040854,          0.00088603,             0.97854,             0.96656,             0.97751,             0.63375,            0.013772,           0.0032906,          0.00022223,            0.001981,            0.001981,            0.001981
                 812,            0.023792,            0.004325,           0.0012244,             0.97733,             0.96699,             0.97777,              0.6328,            0.014425,              0.0033,          0.00022798,           0.0019711,           0.0019711,           0.0019711
                 813,            0.022536,           0.0043798,           0.0012201,              0.9751,             0.96544,              0.9793,             0.63373,            0.014664,           0.0033099,          0.00023124,           0.0019612,           0.0019612,           0.0019612
                 814,            0.019727,           0.0040979,          0.00092138,             0.97386,             0.96984,             0.97908,             0.63028,            0.014686,           0.0033144,          0.00023657,           0.0019513,           0.0019513,           0.0019513
                 815,            0.023034,           0.0041631,           0.0013546,             0.97881,             0.96292,             0.97868,              0.6344,               0.015,           0.0033223,          0.00023869,           0.0019414,           0.0019414,           0.0019414
                 816,            0.018341,            0.003792,          0.00073416,             0.98157,             0.95774,             0.97833,             0.63983,            0.014687,           0.0033048,          0.00023643,           0.0019315,           0.0019315,           0.0019315
                 817,            0.021242,           0.0039076,          0.00079585,             0.97159,             0.95884,               0.978,             0.63215,            0.014053,           0.0032952,          0.00023737,           0.0019216,           0.0019216,           0.0019216
                 818,            0.023542,            0.004518,           0.0011354,             0.97687,             0.95169,             0.97411,             0.63416,            0.014157,           0.0032809,          0.00023777,           0.0019117,           0.0019117,           0.0019117
                 819,            0.021697,           0.0036967,          0.00077712,             0.97745,             0.95496,             0.97443,             0.63105,            0.014511,           0.0032797,          0.00024103,           0.0019018,           0.0019018,           0.0019018
                 820,            0.022212,           0.0040337,          0.00090282,             0.97027,             0.95749,             0.97417,             0.63977,            0.014258,           0.0032776,          0.00024178,           0.0018919,           0.0018919,           0.0018919
                 821,            0.020861,           0.0043817,          0.00096054,             0.96401,             0.96619,             0.97407,             0.64238,             0.01421,           0.0032693,          0.00023797,            0.001882,            0.001882,            0.001882
                 822,            0.019039,           0.0038701,          0.00058599,             0.96626,             0.96619,             0.97427,             0.63851,            0.014368,           0.0032663,          0.00023355,           0.0018721,           0.0018721,           0.0018721
                 823,            0.019624,           0.0036845,          0.00054297,             0.96963,             0.96845,             0.97467,             0.64118,            0.013955,           0.0032496,           0.0002282,           0.0018622,           0.0018622,           0.0018622
                 824,            0.020787,           0.0044813,          0.00094869,             0.97713,             0.96834,             0.97951,             0.64321,            0.014204,           0.0032509,          0.00022903,           0.0018523,           0.0018523,           0.0018523
                 825,             0.02089,           0.0036155,          0.00063032,             0.98104,             0.96138,             0.97546,             0.64822,            0.014426,           0.0032446,          0.00022878,           0.0018424,           0.0018424,           0.0018424
                 826,            0.021253,           0.0042743,          0.00073809,             0.98117,             0.96423,             0.97597,             0.64419,            0.014592,           0.0032375,          0.00022912,           0.0018325,           0.0018325,           0.0018325
                 827,            0.021814,           0.0040774,           0.0010438,             0.98169,             0.96162,             0.97634,             0.63201,            0.014174,            0.003233,          0.00022721,           0.0018226,           0.0018226,           0.0018226
                 828,            0.022304,           0.0043104,           0.0010058,             0.98202,             0.95986,             0.97613,              0.6375,              0.0137,           0.0032258,          0.00022799,           0.0018127,           0.0018127,           0.0018127
                 829,            0.019142,           0.0037389,          0.00092534,             0.98169,              0.9604,              0.9761,             0.63705,             0.01381,           0.0032336,          0.00023078,           0.0018028,           0.0018028,           0.0018028
                 830,            0.021889,           0.0038048,          0.00063937,             0.98171,             0.96085,             0.97578,             0.62856,            0.014132,           0.0032573,          0.00023574,           0.0017929,           0.0017929,           0.0017929
                 831,            0.018517,           0.0036537,          0.00076923,             0.97778,             0.95337,             0.97578,             0.63376,            0.014354,           0.0032543,          0.00023706,            0.001783,            0.001783,            0.001783
                 832,            0.017903,           0.0040314,          0.00059657,             0.97684,             0.95504,              0.9755,             0.62908,            0.014465,           0.0032587,          0.00023826,           0.0017731,           0.0017731,           0.0017731
                 833,            0.020484,           0.0038181,           0.0016357,             0.97953,             0.95552,             0.97529,              0.6291,            0.014446,           0.0032577,           0.0002359,           0.0017632,           0.0017632,           0.0017632
                 834,            0.022189,           0.0040701,          0.00070283,             0.98129,               0.959,             0.97518,             0.62422,            0.014671,           0.0032696,          0.00023447,           0.0017533,           0.0017533,           0.0017533
                 835,            0.019805,           0.0038002,          0.00070969,              0.9789,             0.96128,             0.97538,              0.6268,            0.014983,           0.0032858,           0.0002293,           0.0017434,           0.0017434,           0.0017434
                 836,            0.021752,           0.0038329,           0.0011369,             0.97449,             0.96183,             0.97519,             0.63268,            0.014065,           0.0032794,          0.00022289,           0.0017335,           0.0017335,           0.0017335
                 837,            0.021045,           0.0038521,          0.00079681,             0.97275,             0.95919,             0.97551,             0.64793,            0.013814,           0.0032806,          0.00022015,           0.0017236,           0.0017236,           0.0017236
                 838,            0.019713,           0.0038128,          0.00066909,             0.97172,              0.9587,             0.97576,             0.64843,            0.013792,           0.0032873,          0.00022103,           0.0017137,           0.0017137,           0.0017137
                 839,            0.021142,           0.0040528,            0.001302,             0.97296,             0.95865,             0.97983,             0.64122,            0.013958,           0.0033067,          0.00021882,           0.0017038,           0.0017038,           0.0017038
                 840,            0.023224,           0.0040428,           0.0012323,              0.9776,             0.95197,             0.97979,             0.64162,            0.014106,           0.0033089,          0.00021989,           0.0016939,           0.0016939,           0.0016939
                 841,            0.020343,           0.0037358,           0.0011576,             0.98012,             0.95528,             0.97961,             0.64153,            0.014332,           0.0033039,          0.00022165,            0.001684,            0.001684,            0.001684
                 842,            0.022898,           0.0045524,           0.0012317,             0.97888,             0.95267,             0.97515,             0.64708,            0.014233,           0.0032969,          0.00022417,           0.0016741,           0.0016741,           0.0016741
                 843,            0.019711,            0.003869,           0.0013053,             0.97361,             0.95318,             0.97259,              0.6431,            0.014088,           0.0032877,          0.00022691,           0.0016642,           0.0016642,           0.0016642
                 844,            0.020501,           0.0039084,          0.00093405,             0.97875,             0.95604,             0.97598,             0.64447,            0.014053,           0.0032802,          0.00023118,           0.0016543,           0.0016543,           0.0016543
                 845,            0.018399,           0.0042792,          0.00073424,               0.978,             0.95969,             0.97574,             0.64505,             0.01396,           0.0032826,          0.00023194,           0.0016444,           0.0016444,           0.0016444
                 846,            0.020539,           0.0043617,           0.0008832,               0.974,             0.95969,             0.97564,             0.64457,            0.013874,           0.0032876,          0.00023454,           0.0016345,           0.0016345,           0.0016345
                 847,            0.021831,           0.0042393,          0.00075145,             0.97876,              0.9592,             0.97624,             0.63531,            0.014691,           0.0032956,          0.00023934,           0.0016246,           0.0016246,           0.0016246
                 848,            0.021698,           0.0038432,           0.0010001,             0.98161,             0.95827,             0.97582,              0.6348,             0.01494,           0.0032934,          0.00024029,           0.0016147,           0.0016147,           0.0016147
                 849,            0.020539,           0.0039134,          0.00093222,             0.98036,             0.95629,             0.97551,             0.63361,            0.015026,           0.0032907,           0.0002439,           0.0016048,           0.0016048,           0.0016048
                 850,            0.020196,           0.0040114,          0.00072482,             0.97399,             0.95864,             0.97515,             0.63757,            0.014312,           0.0032834,          0.00024509,           0.0015949,           0.0015949,           0.0015949
                 851,            0.019924,           0.0038324,          0.00065465,             0.97907,             0.95606,             0.97467,              0.6452,            0.014488,           0.0032733,          0.00024987,            0.001585,            0.001585,            0.001585
                 852,            0.024507,            0.004024,           0.0013105,             0.97587,             0.95632,             0.97455,             0.64905,            0.014578,           0.0032638,          0.00025255,           0.0015751,           0.0015751,           0.0015751
                 853,            0.020137,           0.0039175,          0.00077001,             0.98112,             0.95278,             0.97478,             0.65561,            0.014251,           0.0032527,          0.00024927,           0.0015652,           0.0015652,           0.0015652
                 854,            0.021709,           0.0039004,           0.0012681,             0.97565,             0.95812,             0.97501,             0.65446,            0.013649,           0.0032457,          0.00024146,           0.0015553,           0.0015553,           0.0015553
                 855,            0.021012,           0.0038101,           0.0010276,             0.97798,               0.958,             0.97533,              0.6585,            0.013826,            0.003251,           0.0002291,           0.0015454,           0.0015454,           0.0015454
                 856,            0.017382,           0.0037705,          0.00087395,             0.97878,             0.95926,             0.97706,             0.65134,            0.013918,           0.0032593,          0.00022371,           0.0015355,           0.0015355,           0.0015355
                 857,            0.020624,            0.004247,          0.00082614,             0.97543,             0.96208,               0.977,             0.64997,            0.014197,           0.0032735,          0.00021879,           0.0015256,           0.0015256,           0.0015256
                 858,            0.021944,           0.0043976,           0.0011003,             0.97547,             0.96419,             0.97713,             0.65076,             0.01403,           0.0032838,          0.00021505,           0.0015157,           0.0015157,           0.0015157
                 859,            0.022291,           0.0043127,           0.0011262,             0.97524,             0.96601,             0.97724,             0.65276,            0.013424,           0.0032812,          0.00021204,           0.0015058,           0.0015058,           0.0015058
                 860,            0.022335,           0.0040244,          0.00073537,             0.97331,             0.96552,             0.97707,             0.65417,            0.013461,           0.0032786,          0.00021276,           0.0014959,           0.0014959,           0.0014959
                 861,            0.019424,           0.0038215,          0.00079278,             0.97772,             0.96509,             0.97694,             0.65774,            0.013625,           0.0032665,           0.0002109,            0.001486,            0.001486,            0.001486
                 862,            0.021781,           0.0034804,          0.00097999,             0.97286,             0.96404,             0.97588,              0.6536,            0.013746,            0.003253,          0.00020941,           0.0014761,           0.0014761,           0.0014761
                 863,            0.020336,           0.0041781,          0.00095845,             0.97504,             0.96334,             0.97508,             0.65905,            0.013656,           0.0032366,          0.00020491,           0.0014662,           0.0014662,           0.0014662
                 864,            0.021119,           0.0041795,          0.00076895,              0.9752,             0.96304,             0.97503,             0.65696,            0.013258,           0.0032291,          0.00020309,           0.0014563,           0.0014563,           0.0014563
                 865,            0.019093,           0.0039951,          0.00080452,             0.97256,             0.96624,             0.97782,             0.65322,            0.013302,             0.00323,          0.00020527,           0.0014464,           0.0014464,           0.0014464
                 866,            0.022562,             0.00399,           0.0012236,             0.97283,             0.96199,             0.97508,             0.65394,             0.01334,           0.0032242,          0.00020492,           0.0014365,           0.0014365,           0.0014365
                 867,            0.020694,           0.0041955,          0.00076055,             0.97517,             0.96103,             0.97543,             0.65244,            0.013663,           0.0032141,          0.00020623,           0.0014266,           0.0014266,           0.0014266
                 868,            0.019795,           0.0040175,           0.0009357,             0.97486,             0.96085,             0.97522,             0.65905,            0.013045,           0.0032169,          0.00020617,           0.0014167,           0.0014167,           0.0014167
                 869,            0.018788,           0.0040654,          0.00081624,             0.97499,             0.96068,             0.97514,             0.64659,            0.013033,           0.0032296,          0.00020483,           0.0014068,           0.0014068,           0.0014068
                 870,            0.020135,           0.0040271,            0.000694,              0.9723,             0.95865,             0.97965,             0.64584,            0.013253,            0.003243,          0.00020493,           0.0013969,           0.0013969,           0.0013969
                 871,            0.021217,           0.0037477,          0.00060719,             0.98379,             0.95326,             0.97946,             0.64376,            0.013279,           0.0032497,          0.00020521,            0.001387,            0.001387,            0.001387
                 872,            0.018549,           0.0036941,          0.00049266,             0.98136,             0.95752,             0.97544,              0.6479,            0.013163,           0.0032533,          0.00020466,           0.0013771,           0.0013771,           0.0013771
                 873,            0.021364,           0.0043379,          0.00074616,             0.97872,             0.95724,             0.97521,             0.64796,             0.01322,           0.0032582,          0.00019964,           0.0013672,           0.0013672,           0.0013672
                 874,            0.019354,           0.0042372,            0.000609,             0.97882,             0.96065,             0.97531,             0.64918,            0.013713,           0.0032563,          0.00019713,           0.0013573,           0.0013573,           0.0013573
                 875,            0.021605,           0.0041554,           0.0010257,             0.97469,             0.96135,             0.97563,             0.64657,            0.013861,           0.0032538,          0.00019311,           0.0013474,           0.0013474,           0.0013474
                 876,             0.01977,           0.0043037,          0.00082787,             0.97404,             0.96144,             0.97598,              0.6508,            0.013667,           0.0032533,           0.0001896,           0.0013375,           0.0013375,           0.0013375
                 877,            0.020094,           0.0038448,          0.00087718,             0.97299,              0.9647,             0.97605,             0.64451,             0.01372,           0.0032634,          0.00018833,           0.0013276,           0.0013276,           0.0013276
                 878,             0.02102,           0.0041772,          0.00063646,             0.97273,             0.96505,             0.97613,             0.64107,            0.013493,           0.0032539,          0.00018744,           0.0013177,           0.0013177,           0.0013177
                 879,            0.021424,           0.0037377,          0.00077868,             0.97308,             0.96554,             0.97622,             0.64734,            0.013336,           0.0032506,          0.00018408,           0.0013078,           0.0013078,           0.0013078
                 880,             0.02137,           0.0038096,           0.0011629,             0.97566,             0.96569,              0.9765,              0.6503,            0.013494,           0.0032554,          0.00018351,           0.0012979,           0.0012979,           0.0012979
                 881,            0.018334,           0.0035898,           0.0010221,             0.97884,             0.96263,              0.9769,             0.65237,            0.013303,           0.0032546,           0.0001821,            0.001288,            0.001288,            0.001288
                 882,            0.021595,           0.0042447,           0.0013473,             0.97884,             0.96264,             0.97545,             0.64802,            0.013285,           0.0032589,          0.00018416,           0.0012781,           0.0012781,           0.0012781
                 883,            0.017273,           0.0040534,          0.00039486,             0.97607,             0.96325,             0.98035,             0.65495,            0.013627,           0.0032578,          0.00018878,           0.0012682,           0.0012682,           0.0012682
                 884,            0.019734,           0.0038487,          0.00074829,             0.97499,             0.96334,             0.98034,             0.65129,            0.013454,           0.0032621,          0.00019286,           0.0012583,           0.0012583,           0.0012583
                 885,            0.017445,           0.0040495,           0.0010299,             0.97725,             0.96334,              0.9803,             0.65394,            0.013103,           0.0032597,          0.00019263,           0.0012484,           0.0012484,           0.0012484
                 886,            0.017665,           0.0040947,          0.00048698,             0.97433,             0.95762,             0.98019,             0.65611,            0.013267,           0.0032509,          0.00019425,           0.0012385,           0.0012385,           0.0012385
                 887,              0.0203,           0.0043834,          0.00058853,             0.97403,             0.95829,             0.97991,             0.65206,            0.013486,           0.0032406,          0.00019816,           0.0012286,           0.0012286,           0.0012286
                 888,            0.020069,           0.0037687,          0.00090452,             0.97481,             0.95843,             0.97614,             0.65262,            0.013397,           0.0032364,          0.00019813,           0.0012187,           0.0012187,           0.0012187
                 889,            0.019736,           0.0039897,          0.00088239,             0.97517,             0.96105,             0.97596,             0.65574,            0.013343,           0.0032299,          0.00019473,           0.0012088,           0.0012088,           0.0012088
                 890,            0.017182,           0.0037651,          0.00055857,             0.97364,             0.96334,             0.97587,             0.66183,            0.013371,           0.0032227,          0.00019229,           0.0011989,           0.0011989,           0.0011989
                 891,            0.019368,           0.0036076,            0.001006,             0.97555,             0.96619,             0.97464,             0.66296,            0.013658,           0.0032222,          0.00019219,            0.001189,            0.001189,            0.001189
                 892,            0.020179,           0.0042116,          0.00070958,             0.97348,             0.96619,             0.97561,             0.65128,            0.013492,           0.0032294,          0.00019147,           0.0011791,           0.0011791,           0.0011791
                 893,             0.01925,           0.0035467,          0.00072316,             0.97272,             0.96619,             0.97554,             0.65376,            0.013237,           0.0032314,          0.00019005,           0.0011692,           0.0011692,           0.0011692
                 894,            0.019328,           0.0038867,           0.0010263,             0.97281,             0.96599,             0.97571,             0.65002,             0.01354,           0.0032366,          0.00018466,           0.0011593,           0.0011593,           0.0011593
                 895,            0.019932,           0.0043041,          0.00072012,             0.97244,             0.96619,             0.97602,              0.6506,             0.01355,           0.0032239,          0.00017852,           0.0011494,           0.0011494,           0.0011494
                 896,            0.019202,           0.0041221,          0.00081858,             0.97253,             0.96704,             0.97635,             0.65986,            0.013169,           0.0032068,           0.0001745,           0.0011395,           0.0011395,           0.0011395
                 897,            0.020029,           0.0045957,          0.00094733,             0.97232,             0.96619,             0.97651,             0.65829,            0.013271,           0.0032109,          0.00017297,           0.0011296,           0.0011296,           0.0011296
                 898,             0.02072,           0.0034651,           0.0010889,             0.97242,             0.96738,             0.97668,             0.65465,            0.013504,           0.0032164,          0.00017202,           0.0011197,           0.0011197,           0.0011197
                 899,            0.019182,           0.0039544,           0.0005948,             0.97272,             0.96742,             0.97677,             0.65747,             0.01353,           0.0032241,           0.0001682,           0.0011098,           0.0011098,           0.0011098
                 900,             0.01903,           0.0034973,           0.0008346,             0.97242,             0.96739,             0.98058,             0.65349,            0.013758,           0.0032237,          0.00016628,           0.0010999,           0.0010999,           0.0010999
                 901,            0.021463,           0.0040954,           0.0011692,             0.97243,             0.96731,             0.98052,             0.65598,             0.01341,           0.0032134,          0.00016484,             0.00109,             0.00109,             0.00109
                 902,            0.019862,           0.0039918,           0.0013066,             0.97245,             0.96713,             0.98049,             0.65617,            0.013418,           0.0032098,          0.00016306,           0.0010801,           0.0010801,           0.0010801
                 903,            0.018955,           0.0041863,           0.0011599,             0.97122,             0.96749,             0.97619,             0.65361,            0.013614,           0.0032097,          0.00016269,           0.0010702,           0.0010702,           0.0010702
                 904,            0.020502,            0.004111,           0.0012274,             0.97179,             0.96697,             0.97608,             0.65107,            0.013362,           0.0032077,          0.00016421,           0.0010603,           0.0010603,           0.0010603
                 905,            0.018666,            0.004235,          0.00076487,             0.97058,             0.96674,             0.97583,             0.65477,            0.013359,           0.0032035,          0.00016702,           0.0010504,           0.0010504,           0.0010504
                 906,            0.019794,           0.0042671,          0.00091611,             0.97064,              0.9648,              0.9753,             0.65505,            0.013387,           0.0032066,          0.00016934,           0.0010405,           0.0010405,           0.0010405
                 907,            0.020359,           0.0039603,           0.0011863,             0.97402,             0.96365,             0.97501,             0.65265,             0.01424,           0.0032095,          0.00017263,           0.0010306,           0.0010306,           0.0010306
                 908,            0.018906,           0.0040779,           0.0006946,             0.97616,             0.96599,             0.97513,             0.65548,            0.014304,            0.003197,          0.00017349,           0.0010207,           0.0010207,           0.0010207
                 909,            0.016833,           0.0034138,          0.00030437,             0.97464,              0.9635,             0.97505,             0.65216,            0.014103,           0.0031932,          0.00017378,           0.0010108,           0.0010108,           0.0010108
                 910,             0.02019,           0.0037669,          0.00056818,             0.97324,             0.96166,             0.97479,              0.6589,            0.013387,            0.003191,          0.00017276,           0.0010009,           0.0010009,           0.0010009
                 911,             0.01958,           0.0040892,           0.0006354,             0.97099,             0.96004,             0.97484,             0.65588,            0.013369,           0.0031971,          0.00017036,            0.000991,            0.000991,            0.000991
                 912,            0.022951,           0.0038499,            0.001299,             0.97319,             0.96065,             0.97481,             0.65065,            0.013647,           0.0031979,          0.00017078,           0.0009811,           0.0009811,           0.0009811
                 913,            0.019328,           0.0038969,          0.00064361,             0.97439,              0.9589,             0.97471,             0.65284,            0.013428,           0.0032068,          0.00017368,           0.0009712,           0.0009712,           0.0009712
                 914,            0.018496,           0.0041116,          0.00064515,             0.96955,             0.96134,             0.97468,             0.65325,            0.013233,           0.0032105,          0.00017608,           0.0009613,           0.0009613,           0.0009613
                 915,            0.019024,           0.0036301,          0.00096535,             0.97289,             0.96048,             0.97462,             0.65282,            0.013671,            0.003209,          0.00017919,           0.0009514,           0.0009514,           0.0009514
                 916,            0.015661,           0.0034454,          0.00029845,              0.9729,             0.96048,             0.97449,             0.65354,             0.01371,           0.0032082,          0.00018038,           0.0009415,           0.0009415,           0.0009415
                 917,            0.021442,           0.0037739,           0.0010794,             0.97165,             0.96048,             0.97454,             0.65357,            0.013462,           0.0032123,          0.00018026,           0.0009316,           0.0009316,           0.0009316
                 918,            0.022226,           0.0040099,           0.0010042,             0.97277,             0.96048,             0.97476,             0.65582,            0.013415,           0.0032107,          0.00017929,           0.0009217,           0.0009217,           0.0009217
                 919,            0.016596,           0.0037599,          0.00055268,              0.9752,             0.96229,             0.97514,             0.65218,            0.013089,           0.0031959,          0.00017659,           0.0009118,           0.0009118,           0.0009118
                 920,            0.019218,           0.0044555,          0.00057438,             0.97534,             0.96215,             0.97517,              0.6575,            0.013028,           0.0031938,          0.00017586,           0.0009019,           0.0009019,           0.0009019
                 921,            0.018016,            0.003766,          0.00055013,             0.97544,             0.96219,             0.97527,             0.66196,            0.013233,            0.003196,          0.00017645,            0.000892,            0.000892,            0.000892
                 922,            0.018685,           0.0042536,          0.00064413,             0.97524,             0.96312,             0.97975,              0.6647,            0.013085,           0.0031876,          0.00017721,           0.0008821,           0.0008821,           0.0008821
                 923,             0.01763,           0.0035656,          0.00038815,             0.97544,             0.96309,             0.97959,             0.65624,             0.01282,           0.0031785,          0.00017953,           0.0008722,           0.0008722,           0.0008722
                 924,              0.0186,           0.0041728,          0.00066093,             0.97578,             0.96216,             0.97593,              0.6618,            0.012697,           0.0031727,          0.00018048,           0.0008623,           0.0008623,           0.0008623
                 925,             0.01789,           0.0038025,           0.0006157,             0.97556,             0.96222,             0.97925,               0.667,            0.012577,           0.0031698,          0.00018265,           0.0008524,           0.0008524,           0.0008524
                 926,            0.020918,           0.0043198,          0.00075715,             0.97543,             0.96266,             0.97573,             0.66687,            0.012756,           0.0031762,          0.00018404,           0.0008425,           0.0008425,           0.0008425
                 927,            0.019727,           0.0038189,           0.0010624,             0.97527,             0.96194,             0.97617,             0.65648,            0.013157,           0.0031948,          0.00018989,           0.0008326,           0.0008326,           0.0008326
                 928,            0.018149,           0.0033927,          0.00078287,             0.97664,             0.96048,             0.97629,             0.66506,            0.012917,           0.0031864,          0.00019039,           0.0008227,           0.0008227,           0.0008227
                 929,            0.019785,           0.0038837,          0.00079593,             0.97732,             0.96048,             0.97636,             0.66222,             0.01301,           0.0031912,          0.00019324,           0.0008128,           0.0008128,           0.0008128
                 930,            0.018531,           0.0036073,           0.0005101,             0.97714,             0.96048,             0.97617,             0.65971,            0.013101,           0.0031994,          0.00019762,           0.0008029,           0.0008029,           0.0008029
                 931,            0.020044,           0.0042455,           0.0010003,             0.98133,             0.95998,             0.97587,              0.6598,            0.013387,           0.0031964,          0.00020266,            0.000793,            0.000793,            0.000793
                 932,            0.019387,           0.0036666,          0.00075158,             0.98145,             0.95834,             0.97547,             0.66493,            0.013666,           0.0031926,          0.00020436,           0.0007831,           0.0007831,           0.0007831
                 933,            0.018723,           0.0039593,             0.00111,             0.98043,             0.95667,             0.97532,             0.66434,            0.013723,           0.0031979,          0.00020543,           0.0007732,           0.0007732,           0.0007732
                 934,            0.022354,           0.0038632,          0.00099827,             0.97866,             0.95664,               0.975,             0.66606,            0.013601,           0.0031997,          0.00020426,           0.0007633,           0.0007633,           0.0007633
                 935,            0.021481,           0.0041282,           0.0010135,             0.97785,             0.95904,             0.97476,             0.66529,            0.013344,           0.0031953,          0.00019926,           0.0007534,           0.0007534,           0.0007534
                 936,            0.022885,           0.0040346,          0.00094661,             0.97464,             0.95891,             0.97472,             0.66074,            0.013353,           0.0032012,          0.00019669,           0.0007435,           0.0007435,           0.0007435
                 937,            0.016972,           0.0034264,          0.00049615,             0.97759,             0.95875,             0.97463,              0.6604,            0.013359,           0.0032041,          0.00019383,           0.0007336,           0.0007336,           0.0007336
                 938,            0.018197,            0.003742,          0.00067314,             0.98116,              0.9587,             0.97844,             0.66148,            0.013368,           0.0032014,          0.00019196,           0.0007237,           0.0007237,           0.0007237
                 939,            0.018852,           0.0032358,          0.00049807,             0.98166,             0.96201,             0.97456,             0.65669,             0.01355,           0.0031929,          0.00018652,           0.0007138,           0.0007138,           0.0007138
                 940,            0.023457,           0.0042647,           0.0014638,             0.97969,             0.96264,             0.97455,             0.66161,            0.013415,           0.0031856,          0.00018379,           0.0007039,           0.0007039,           0.0007039
                 941,            0.017826,           0.0036916,          0.00035911,             0.97919,             0.96271,             0.97475,              0.6635,            0.013306,           0.0031825,          0.00018261,            0.000694,            0.000694,            0.000694
                 942,            0.019136,           0.0044045,          0.00075257,             0.97819,             0.96303,             0.97489,             0.66348,            0.013357,           0.0031831,          0.00018106,           0.0006841,           0.0006841,           0.0006841
                 943,            0.018298,           0.0037468,          0.00054082,             0.97879,             0.96114,             0.97901,              0.6664,            0.013635,           0.0031774,          0.00017671,           0.0006742,           0.0006742,           0.0006742
                 944,            0.021674,           0.0041587,           0.0012159,              0.9786,             0.96103,             0.97954,             0.66823,            0.013708,           0.0031737,          0.00017507,           0.0006643,           0.0006643,           0.0006643
                 945,            0.018616,           0.0041154,          0.00047688,             0.97936,             0.96048,             0.97961,             0.66897,            0.013381,           0.0031672,          0.00017137,           0.0006544,           0.0006544,           0.0006544
                 946,            0.019968,           0.0040782,          0.00079959,             0.98011,             0.96048,              0.9797,             0.66567,            0.012768,           0.0031665,          0.00016474,           0.0006445,           0.0006445,           0.0006445
                 947,             0.01895,           0.0037382,          0.00080559,             0.98135,             0.96094,             0.97976,             0.66207,            0.012665,           0.0031722,          0.00016263,           0.0006346,           0.0006346,           0.0006346
                 948,            0.019644,           0.0039464,           0.0014235,             0.98178,             0.96048,             0.97986,             0.66137,             0.01266,           0.0031715,          0.00016197,           0.0006247,           0.0006247,           0.0006247
                 949,            0.019197,           0.0040287,           0.0010644,             0.98337,             0.96048,             0.97975,             0.66192,            0.012829,           0.0031743,          0.00015961,           0.0006148,           0.0006148,           0.0006148
                 950,            0.020391,           0.0041057,           0.0011454,             0.98433,             0.96048,             0.97977,             0.66105,            0.012707,           0.0031685,          0.00015736,           0.0006049,           0.0006049,           0.0006049
                 951,            0.021764,           0.0045081,           0.0010129,             0.98451,             0.95718,             0.97973,             0.67468,            0.012458,           0.0031571,          0.00015573,            0.000595,            0.000595,            0.000595
                 952,             0.02222,           0.0043836,           0.0018783,              0.9873,             0.95617,             0.97726,             0.67088,            0.012535,           0.0031617,          0.00015424,           0.0005851,           0.0005851,           0.0005851
                 953,             0.02037,           0.0041678,           0.0010752,             0.98613,             0.95288,             0.97951,             0.67456,            0.012523,           0.0031588,          0.00015359,           0.0005752,           0.0005752,           0.0005752
                 954,            0.018234,           0.0035484,           0.0009442,             0.97545,             0.95799,             0.97957,             0.67554,            0.012524,           0.0031544,          0.00015248,           0.0005653,           0.0005653,           0.0005653
                 955,            0.019439,           0.0033652,          0.00052209,             0.97574,             0.95762,             0.97597,             0.67133,            0.012453,           0.0031599,          0.00015129,           0.0005554,           0.0005554,           0.0005554
                 956,            0.017909,           0.0042879,          0.00082508,             0.97527,             0.96017,             0.97598,             0.66994,            0.012422,           0.0031531,           0.0001494,           0.0005455,           0.0005455,           0.0005455
                 957,            0.018865,           0.0041679,          0.00069092,             0.98131,             0.95667,             0.97616,             0.66997,            0.012459,           0.0031464,          0.00014849,           0.0005356,           0.0005356,           0.0005356
                 958,             0.01976,            0.004829,          0.00093395,             0.97584,             0.95735,             0.97634,             0.67168,            0.012494,           0.0031448,          0.00014808,           0.0005257,           0.0005257,           0.0005257
                 959,            0.019456,           0.0039347,           0.0010009,             0.96926,             0.96758,              0.9761,             0.67495,            0.012541,           0.0031464,          0.00014844,           0.0005158,           0.0005158,           0.0005158
                 960,            0.018502,           0.0040023,           0.0007122,             0.97141,              0.9673,             0.97604,             0.67544,            0.012534,           0.0031444,          0.00014908,           0.0005059,           0.0005059,           0.0005059
                 961,            0.019928,           0.0040522,          0.00083723,             0.97151,             0.96712,             0.97616,             0.67668,            0.012331,           0.0031393,          0.00014917,            0.000496,            0.000496,            0.000496
                 962,            0.019825,           0.0036753,           0.0014221,              0.9722,             0.96686,             0.97606,             0.67534,            0.012314,           0.0031411,           0.0001491,           0.0004861,           0.0004861,           0.0004861
                 963,            0.016902,           0.0040404,          0.00072949,             0.97292,             0.96334,             0.97611,             0.67252,             0.01246,           0.0031478,          0.00014851,           0.0004762,           0.0004762,           0.0004762
                 964,            0.019032,           0.0037573,          0.00074483,             0.97191,             0.96334,             0.97595,             0.67092,            0.012624,           0.0031521,          0.00014775,           0.0004663,           0.0004663,           0.0004663
                 965,            0.018797,           0.0035565,           0.0010061,             0.97326,             0.96334,             0.97591,               0.673,            0.012518,           0.0031492,          0.00014755,           0.0004564,           0.0004564,           0.0004564
                 966,            0.017645,           0.0037343,          0.00051605,             0.97575,             0.96131,             0.97584,             0.66854,            0.012459,           0.0031446,          0.00014671,           0.0004465,           0.0004465,           0.0004465
                 967,            0.021701,           0.0036033,           0.0005593,             0.97602,             0.96086,             0.97591,                0.67,            0.012453,           0.0031427,           0.0001481,           0.0004366,           0.0004366,           0.0004366
                 968,            0.017962,           0.0037739,          0.00049266,             0.97603,             0.96163,              0.9759,             0.66752,            0.012388,           0.0031458,          0.00014845,           0.0004267,           0.0004267,           0.0004267
                 969,            0.016391,           0.0034986,          0.00098929,             0.97877,             0.96049,             0.97607,             0.66928,            0.012413,           0.0031435,          0.00014936,           0.0004168,           0.0004168,           0.0004168
                 970,            0.017422,           0.0034337,          0.00061721,             0.97905,             0.95979,              0.9762,             0.67249,            0.012596,           0.0031412,          0.00014853,           0.0004069,           0.0004069,           0.0004069
                 971,            0.017596,           0.0041261,          0.00052815,              0.9787,              0.9629,              0.9761,             0.67397,             0.01278,           0.0031362,          0.00014634,            0.000397,            0.000397,            0.000397
                 972,            0.021634,            0.004428,           0.0010315,             0.97882,             0.96219,             0.97595,              0.6779,            0.012737,           0.0031348,          0.00014589,           0.0003871,           0.0003871,           0.0003871
                 973,            0.017994,           0.0040644,          0.00072224,             0.97881,             0.96171,             0.97595,             0.67571,            0.012555,           0.0031361,          0.00014579,           0.0003772,           0.0003772,           0.0003772
                 974,            0.017955,           0.0041858,          0.00084392,             0.97593,             0.96357,             0.97599,             0.67214,            0.012253,           0.0031355,          0.00014715,           0.0003673,           0.0003673,           0.0003673
                 975,            0.018044,            0.003768,          0.00059523,             0.98145,             0.96302,             0.97604,             0.67258,            0.012155,           0.0031277,          0.00014558,           0.0003574,           0.0003574,           0.0003574
                 976,             0.02083,           0.0037497,           0.0014481,             0.97651,             0.96048,             0.97614,             0.67208,            0.012153,           0.0031275,            0.000145,           0.0003475,           0.0003475,           0.0003475
                 977,             0.01832,           0.0037128,           0.0013589,             0.97963,             0.96048,             0.97636,             0.67129,            0.012187,           0.0031325,          0.00014526,           0.0003376,           0.0003376,           0.0003376
                 978,            0.018016,           0.0037169,          0.00084877,              0.9788,             0.96048,             0.97652,             0.67035,            0.012474,           0.0031388,          0.00014556,           0.0003277,           0.0003277,           0.0003277
                 979,            0.020076,           0.0036383,           0.0010644,             0.98189,             0.96009,             0.97659,             0.66925,            0.012555,           0.0031417,          0.00014493,           0.0003178,           0.0003178,           0.0003178
                 980,            0.019323,            0.003653,           0.0013165,             0.98312,             0.96042,             0.97654,             0.67252,            0.012313,           0.0031392,          0.00014475,           0.0003079,           0.0003079,           0.0003079
                 981,            0.016754,           0.0034186,          0.00052107,             0.98445,             0.95976,             0.97649,             0.67535,            0.012192,           0.0031375,          0.00014409,            0.000298,            0.000298,            0.000298
                 982,            0.018531,           0.0044204,           0.0010263,             0.98443,             0.95912,             0.97647,             0.67551,            0.012083,           0.0031327,           0.0001439,           0.0002881,           0.0002881,           0.0002881
                 983,            0.017915,           0.0038536,          0.00082143,             0.98443,             0.95923,             0.97635,             0.67236,            0.012122,           0.0031303,          0.00014346,           0.0002782,           0.0002782,           0.0002782
                 984,            0.018603,           0.0039956,          0.00071436,             0.98444,             0.95956,              0.9765,             0.67093,            0.012105,           0.0031315,          0.00014353,           0.0002683,           0.0002683,           0.0002683
                 985,            0.017938,           0.0036084,          0.00066859,             0.98178,             0.95762,             0.97654,             0.66661,            0.012106,           0.0031302,          0.00014327,           0.0002584,           0.0002584,           0.0002584
                 986,            0.016143,           0.0033783,          0.00048206,             0.98173,             0.95761,             0.97652,             0.66642,             0.01235,            0.003131,           0.0001431,           0.0002485,           0.0002485,           0.0002485
                 987,            0.018268,           0.0037138,           0.0012826,               0.975,             0.96858,             0.97664,             0.66728,            0.012706,           0.0031329,          0.00014358,           0.0002386,           0.0002386,           0.0002386
                 988,            0.016683,           0.0041606,          0.00070568,             0.97523,             0.96838,             0.97666,             0.66849,             0.01264,           0.0031303,          0.00014334,           0.0002287,           0.0002287,           0.0002287
                 989,            0.017549,           0.0040429,           0.0010501,             0.97523,             0.96834,             0.97672,             0.67023,            0.012351,           0.0031268,          0.00014261,           0.0002188,           0.0002188,           0.0002188
                 990,            0.017667,           0.0037773,          0.00071598,             0.97533,             0.96836,             0.97671,             0.67293,            0.012043,           0.0031245,          0.00014178,           0.0002089,           0.0002089,           0.0002089
                 991,            0.017073,           0.0037694,          0.00089026,             0.97895,             0.96748,              0.9767,              0.6741,            0.011882,           0.0031161,          0.00014015,            0.000199,            0.000199,            0.000199
                 992,            0.017412,           0.0036339,          0.00041773,             0.97599,              0.9683,             0.97671,             0.66918,            0.011976,            0.003117,          0.00013954,           0.0001891,           0.0001891,           0.0001891
                 993,            0.017766,           0.0040403,          0.00082333,             0.97583,             0.96842,              0.9765,             0.66744,            0.012075,           0.0031229,          0.00014076,           0.0001792,           0.0001792,           0.0001792
                 994,            0.016155,           0.0035423,          0.00051612,             0.97584,             0.96845,             0.97642,             0.66331,            0.012159,           0.0031301,          0.00014188,           0.0001693,           0.0001693,           0.0001693
                 995,            0.019345,           0.0039732,          0.00086103,             0.97586,             0.96857,             0.97638,             0.66429,            0.012078,           0.0031331,          0.00014163,           0.0001594,           0.0001594,           0.0001594
                 996,             0.01646,            0.003832,          0.00045188,             0.97567,             0.96871,              0.9764,             0.66819,            0.012038,           0.0031294,          0.00014223,           0.0001495,           0.0001495,           0.0001495
                 997,            0.021368,           0.0041158,           0.0011481,             0.97571,              0.9687,             0.97636,             0.67061,            0.012091,           0.0031252,          0.00014152,           0.0001396,           0.0001396,           0.0001396
                 998,            0.017968,           0.0042564,           0.0011308,              0.9758,             0.96884,             0.97634,              0.6714,            0.012202,           0.0031251,          0.00014107,           0.0001297,           0.0001297,           0.0001297
                 999,             0.01997,           0.0040724,          0.00096992,             0.97582,             0.96888,             0.97618,             0.67093,             0.01234,           0.0031279,          0.00014139,           0.0001198,           0.0001198,           0.0001198
